prophecy_index,mmdd,prophecy,data_notes
1,01-01,"something unnamed will gather, until what seemed settled begins to tilt out of place.",Number of dog bite incidents reported to DOHMH: High | Number of NYPD arrests: Very Low | Number of 311 service requests handled by the Department of Homeless Services (DHS): Very Low
2,01-02,"something unnamed will gather, and the air will hesitate just long enough to matter.",Number of 311 service requests handled by the Department of Homeless Services (DHS): Low | Number of unsanitary condition complaints to 311: High | Number of street condition complaints to 311: Medium
3,01-03,"something unnamed will gather, until what seemed settled begins to tilt out of place.",Number of dog bite incidents reported to DOHMH: Medium | Number of NYPD arrests: High | Number of unsanitary condition complaints to 311: High
4,01-04,"a restless mirror will gather, and a quiet shift will pass almost unnoticed.",Number of heat/hot water complaints to 311: Very High
5,01-05,"something unnamed will gather, before anyone thinks to call it a sign.",Number of rodent inspections conducted by NYC: Very High | Number of NYC Ferry boardings: Very Low
6,01-06,"an unseen murmur, something unnamed will gather, before anyone thinks to call it a sign.",Number of noise (street/sidewalk) complaints to 311: Very Low | Number of dog bite incidents reported to DOHMH: Low
7,01-07,"something unnamed, a restless mirror will gather, and the air will hesitate just long enough to matter.",Number of dog bite incidents reported to DOHMH: Very Low | Number of heat/hot water complaints to 311: Very High | Number of 311 service requests handled by the Department of Homeless Services (DHS): Very Low
8,01-08,"something unnamed will gather, and the air will hesitate just long enough to matter.",Number of NYPD arrests: High | Number of dog bite incidents reported to DOHMH: Very Low
9,01-09,"something unnamed will gather, until what seemed settled begins to tilt out of place.",Number of street condition complaints to 311: Medium | Number of dog bite incidents reported to DOHMH: Very Low | Number of NYPD arrests: Low
10,01-10,"something unnamed, an unseen murmur will gather, before anyone thinks to call it a sign.",Number of street condition complaints to 311: High | Number of unsanitary condition complaints to 311: Very High | Number of noise (street/sidewalk) complaints to 311: Low | Number of NYPD arrests: Very High
11,01-11,"something unnamed, a restless mirror will gather, and the air will hesitate just long enough to matter.",Number of street condition complaints to 311: Low | Number of dog bite incidents reported to DOHMH: Very Low | Number of NYPD arrests: Very High | Number of heat/hot water complaints to 311: High
12,01-12,"something unnamed, a restless mirror will gather, until what seemed settled begins to tilt out of place.",Number of dog bite incidents reported to DOHMH: Very Low | Number of heat/hot water complaints to 311: High | Number of NYC Ferry boardings: Very Low
13,01-13,"something unnamed will gather, and the air will hesitate just long enough to matter.",Number of 311 service requests handled by the Department of Homeless Services (DHS): Very Low | Number of street condition complaints to 311: Very Low | Number of rodent inspections conducted by NYC: Very Low
14,01-14,"something unnamed will gather, until what seemed settled begins to tilt out of place.",Number of rodent inspections conducted by NYC: Very Low | Number of NYC Ferry boardings: Very Low
15,01-15,"something unnamed, an unseen murmur, a restless mirror will gather, until what seemed settled begins to tilt out of place.",Number of 311 service requests handled by the Department of Homeless Services (DHS): Very Low | Number of noise (street/sidewalk) complaints to 311: Very Low | Number of unsanitary condition complaints to 311: Medium | Number of heat/hot water complaints to 311: Very High
16,01-16,"an unseen murmur, a restless mirror, something unnamed will gather, and something long held back will edge closer to the surface.",Number of noise (street/sidewalk) complaints to 311: Very Low | Number of heat/hot water complaints to 311: Very High | Number of 311 service requests handled by the Department of Homeless Services (DHS): Very Low
17,01-17,"a restless mirror, something unnamed will gather, and a quiet shift will pass almost unnoticed.",Daily median water temperature (°C) across NYC DEP watershed reservoirs: Very Low | Number of heat/hot water complaints to 311: Very High | Number of street condition complaints to 311: Medium
18,01-18,"something unnamed will gather, and a quiet shift will pass almost unnoticed.",Number of street condition complaints to 311: Medium | Number of NYC Ferry boardings: Very Low
19,01-19,"something unnamed will gather, and a quiet shift will pass almost unnoticed.",Number of rodent inspections conducted by NYC: Low
20,01-20,"something unnamed will gather, and something long held back will edge closer to the surface.",Number of NYC Ferry boardings: Very Low
21,01-21,"something unnamed will gather, and a quiet shift will pass almost unnoticed.",Number of dog bite incidents reported to DOHMH: Medium | Number of NYPD arrests: Very Low
22,01-22,"a restless mirror, something unnamed, an unseen murmur will gather, and something long held back will edge closer to the surface.",Number of heat/hot water complaints to 311: Very High | Number of NYC Ferry boardings: Very Low | Number of noise (street/sidewalk) complaints to 311: Very Low
23,01-23,"something unnamed will gather, and the air will hesitate just long enough to matter.",Number of dog bite incidents reported to DOHMH: Low | Number of NYC Ferry boardings: Very Low | Number of 311 service requests handled by the Department of Homeless Services (DHS): Very Low | Number of rodent inspections conducted by NYC: Medium
24,01-24,"something unnamed will gather, before anyone thinks to call it a sign.",Number of NYC Ferry boardings: Very Low | Number of rodent inspections conducted by NYC: Medium | Number of unsanitary condition complaints to 311: Medium | Number of 311 service requests handled by the Department of Homeless Services (DHS): Very Low
25,01-25,"something unnamed will gather, and the air will hesitate just long enough to matter.",Number of rodent inspections conducted by NYC: Medium
26,01-26,"something unnamed will gather, and the air will hesitate just long enough to matter.",Number of street condition complaints to 311: Medium | Number of unsanitary condition complaints to 311: Medium | Number of dog bite incidents reported to DOHMH: Very Low | Number of 311 service requests handled by the Department of Homeless Services (DHS): Low
27,01-27,"an unseen murmur, something unnamed will gather, and something long held back will edge closer to the surface.",Number of noise (street/sidewalk) complaints to 311: Medium | Number of street condition complaints to 311: Low
28,01-28,"something unnamed will gather, and the air will hesitate just long enough to matter.",Number of 311 service requests handled by the Department of Homeless Services (DHS): Very Low | Number of NYPD arrests: Very Low | Number of rodent inspections conducted by NYC: Very Low | Number of NYC Ferry boardings: Very Low
29,01-29,"something unnamed will gather, until what seemed settled begins to tilt out of place.",Number of rodent inspections conducted by NYC: Medium | Number of dog bite incidents reported to DOHMH: High
30,01-30,"an unseen murmur, something unnamed will gather, until what seemed settled begins to tilt out of place.",Number of noise (street/sidewalk) complaints to 311: Very Low | Number of rodent inspections conducted by NYC: Medium
31,01-31,"something unnamed will gather, and the air will hesitate just long enough to matter.",Number of unsanitary condition complaints to 311: Medium
32,02-01,"something unnamed will gather, before anyone thinks to call it a sign.",Number of street condition complaints to 311: Very High
33,02-02,"something unnamed will gather, and a quiet shift will pass almost unnoticed.",Number of unsanitary condition complaints to 311: Low | Number of dog bite incidents reported to DOHMH: Medium
34,02-03,"something unnamed will gather, and the air will hesitate just long enough to matter.",Number of 311 service requests handled by the Department of Homeless Services (DHS): Very Low
35,02-04,"something unnamed will gather, and a quiet shift will pass almost unnoticed.",Number of unsanitary condition complaints to 311: Very Low | Number of rodent inspections conducted by NYC: Very Low
36,02-05,"something unnamed will gather, until what seemed settled begins to tilt out of place.",Number of NYC Ferry boardings: Very Low | Number of street condition complaints to 311: Very High | Number of 311 service requests handled by the Department of Homeless Services (DHS): Very Low | Number of rodent inspections conducted by NYC: High
37,02-06,"an unseen murmur will gather, before anyone thinks to call it a sign.",Number of noise (street/sidewalk) complaints to 311: Very Low
38,02-07,"something unnamed, an unseen murmur will gather, and something long held back will edge closer to the surface.",Number of NYC Ferry boardings: Low | Number of 311 service requests handled by the Department of Homeless Services (DHS): Very Low | Number of noise (street/sidewalk) complaints to 311: Low
39,02-08,"an unseen murmur, something unnamed will gather, until what seemed settled begins to tilt out of place.",Number of noise (street/sidewalk) complaints to 311: Low | Number of dog bite incidents reported to DOHMH: Very Low | Number of NYPD arrests: Very High
40,02-09,"something unnamed, a restless mirror will gather, and a quiet shift will pass almost unnoticed.",Number of dog bite incidents reported to DOHMH: Very Low | Number of NYPD arrests: High | Number of street condition complaints to 311: Medium | Number of heat/hot water complaints to 311: Medium
41,02-10,"something unnamed will gather, before anyone thinks to call it a sign.",Number of street condition complaints to 311: Very Low | Number of unsanitary condition complaints to 311: Very Low | Number of NYPD arrests: Medium | Number of NYC Ferry boardings: Low
42,02-11,"something unnamed, an unseen murmur will gather, and a quiet shift will pass almost unnoticed.",Number of NYPD arrests: Very Low | Number of noise (street/sidewalk) complaints to 311: Medium | Number of NYC Ferry boardings: Very Low
43,02-12,"something unnamed will gather, and a quiet shift will pass almost unnoticed.",Number of NYC Ferry boardings: Low | Number of rodent inspections conducted by NYC: High | Number of dog bite incidents reported to DOHMH: Medium
44,02-13,"something unnamed will gather, until what seemed settled begins to tilt out of place.",Number of unsanitary condition complaints to 311: Medium | Number of NYPD arrests: Low | Number of dog bite incidents reported to DOHMH: Very Low
45,02-14,"something unnamed, a restless mirror will gather, until what seemed settled begins to tilt out of place.",Number of unsanitary condition complaints to 311: Low | Number of heat/hot water complaints to 311: Very High | Number of 311 service requests handled by the Department of Homeless Services (DHS): Very Low
46,02-15,"something unnamed will gather, until what seemed settled begins to tilt out of place.",Number of unsanitary condition complaints to 311: Medium | Number of rodent inspections conducted by NYC: High | Number of street condition complaints to 311: High | Number of 311 service requests handled by the Department of Homeless Services (DHS): Very Low
47,02-16,"something unnamed will gather, and a quiet shift will pass almost unnoticed.",Number of street condition complaints to 311: Medium
48,02-17,"something unnamed will gather, before anyone thinks to call it a sign.",Number of 311 service requests handled by the Department of Homeless Services (DHS): Very Low
49,02-18,"a restless mirror will gather, until what seemed settled begins to tilt out of place.",Number of heat/hot water complaints to 311: Very High
50,02-19,"something unnamed will gather, before anyone thinks to call it a sign.",Number of dog bite incidents reported to DOHMH: High | Number of NYPD arrests: Very Low
51,02-20,"something unnamed will gather, and the air will hesitate just long enough to matter.",Number of 311 service requests handled by the Department of Homeless Services (DHS): Very Low | Number of dog bite incidents reported to DOHMH: Very Low | Number of unsanitary condition complaints to 311: Medium
52,02-21,"something unnamed, an unseen murmur will gather, and a quiet shift will pass almost unnoticed.",Number of rodent inspections conducted by NYC: High | Number of unsanitary condition complaints to 311: Medium | Number of noise (street/sidewalk) complaints to 311: Very Low | Number of street condition complaints to 311: High
53,02-22,"an unseen murmur will gather, and something long held back will edge closer to the surface.",Number of noise (street/sidewalk) complaints to 311: Very Low
54,02-23,"something unnamed, a restless mirror will gather, and the air will hesitate just long enough to matter.",Number of NYC Ferry boardings: Very Low | Number of NYPD arrests: Medium | Number of 311 service requests handled by the Department of Homeless Services (DHS): Low | Number of heat/hot water complaints to 311: High
55,02-24,"something unnamed, a restless mirror will gather, and a quiet shift will pass almost unnoticed.",Number of 311 service requests handled by the Department of Homeless Services (DHS): Very Low | Number of dog bite incidents reported to DOHMH: Very High | Number of street condition complaints to 311: Very Low | Number of heat/hot water complaints to 311: High
56,02-25,"something unnamed, an unseen murmur will gather, and the air will hesitate just long enough to matter.",Number of rodent inspections conducted by NYC: Very Low | Number of noise (street/sidewalk) complaints to 311: Very Low
57,02-26,"something unnamed will gather, until what seemed settled begins to tilt out of place.",Number of unsanitary condition complaints to 311: High | Number of rodent inspections conducted by NYC: Medium
58,02-27,"something unnamed, an unseen murmur will gather, and the air will hesitate just long enough to matter.",Number of dog bite incidents reported to DOHMH: Medium | Number of rodent inspections conducted by NYC: Medium | Number of noise (street/sidewalk) complaints to 311: Very Low | Number of NYPD arrests: Medium
59,02-28,"something unnamed will gather, until what seemed settled begins to tilt out of place.",Number of dog bite incidents reported to DOHMH: Very Low | Number of unsanitary condition complaints to 311: High | Number of NYC Ferry boardings: Very Low
60,02-29,"something unnamed will gather, until what seemed settled begins to tilt out of place.",Number of street condition complaints to 311: Very High | Number of unsanitary condition complaints to 311: Low | Number of NYPD arrests: High
61,03-01,"something unnamed will gather, and a quiet shift will pass almost unnoticed.",Number of dog bite incidents reported to DOHMH: Very Low | Number of NYPD arrests: High
62,03-02,"an unseen murmur, something unnamed will gather, and the air will hesitate just long enough to matter.",Number of noise (street/sidewalk) complaints to 311: Low | Number of NYC Ferry boardings: Very Low | Number of unsanitary condition complaints to 311: Very Low
63,03-03,"something unnamed will gather, and the air will hesitate just long enough to matter.",Number of dog bite incidents reported to DOHMH: Medium
64,03-04,"something unnamed will gather, and a quiet shift will pass almost unnoticed.",Number of 311 service requests handled by the Department of Homeless Services (DHS): Low
65,03-05,"something unnamed will gather, and something long held back will edge closer to the surface.",Number of unsanitary condition complaints to 311: Medium | Number of NYC Ferry boardings: Very Low
66,03-06,"something unnamed will gather, until what seemed settled begins to tilt out of place.",Number of street condition complaints to 311: Very High | Number of unsanitary condition complaints to 311: High | Number of rodent inspections conducted by NYC: Very High
67,03-07,"something unnamed will gather, and the air will hesitate just long enough to matter.",Number of rodent inspections conducted by NYC: High | Number of NYPD arrests: Very High | Number of unsanitary condition complaints to 311: Medium | Number of NYC Ferry boardings: Low
68,03-08,"something unnamed will gather, before anyone thinks to call it a sign.",Number of NYPD arrests: Medium | Number of 311 service requests handled by the Department of Homeless Services (DHS): Low | Number of rodent inspections conducted by NYC: Very High | Number of street condition complaints to 311: Very High
69,03-09,"something unnamed will gather, before anyone thinks to call it a sign.",Number of rodent inspections conducted by NYC: Low | Number of 311 service requests handled by the Department of Homeless Services (DHS): Very Low
70,03-10,"something unnamed will gather, before anyone thinks to call it a sign.",Number of 311 service requests handled by the Department of Homeless Services (DHS): Very Low | Number of NYPD arrests: Very Low | Number of rodent inspections conducted by NYC: Low
71,03-11,"something unnamed will gather, and something long held back will edge closer to the surface.",Number of 311 service requests handled by the Department of Homeless Services (DHS): Very Low | Number of NYC Ferry boardings: Very Low | Number of dog bite incidents reported to DOHMH: Very Low | Number of NYPD arrests: Medium
72,03-12,"something unnamed will gather, until what seemed settled begins to tilt out of place.",Number of unsanitary condition complaints to 311: High | Number of dog bite incidents reported to DOHMH: Very Low
73,03-13,"something unnamed will gather, and the air will hesitate just long enough to matter.",Number of 311 service requests handled by the Department of Homeless Services (DHS): Low | Number of dog bite incidents reported to DOHMH: High
74,03-14,"something unnamed, a restless mirror will gather, until what seemed settled begins to tilt out of place.",Number of street condition complaints to 311: Very High | Number of unsanitary condition complaints to 311: Medium | Number of heat/hot water complaints to 311: Medium
75,03-15,"something unnamed, a restless mirror will gather, and the air will hesitate just long enough to matter.",Number of rodent inspections conducted by NYC: Medium | Number of heat/hot water complaints to 311: Medium | Number of NYPD arrests: Medium
76,03-16,"something unnamed will gather, and the air will hesitate just long enough to matter.",Number of 311 service requests handled by the Department of Homeless Services (DHS): Low | Number of unsanitary condition complaints to 311: Very Low
77,03-17,"a restless mirror, something unnamed will gather, and something long held back will edge closer to the surface.",Number of heat/hot water complaints to 311: Medium | Number of rodent inspections conducted by NYC: Very Low | Number of unsanitary condition complaints to 311: Very Low
78,03-18,"something unnamed will gather, and something long held back will edge closer to the surface.",Number of 311 service requests handled by the Department of Homeless Services (DHS): Very Low | Number of unsanitary condition complaints to 311: Low | Number of dog bite incidents reported to DOHMH: Low
79,03-19,"something unnamed, a restless mirror will gather, and something long held back will edge closer to the surface.",Number of street condition complaints to 311: High | Number of dog bite incidents reported to DOHMH: Very Low | Number of heat/hot water complaints to 311: Very High | Number of NYC Ferry boardings: Low
80,03-20,"a restless mirror will gather, until what seemed settled begins to tilt out of place.",Number of heat/hot water complaints to 311: High
81,03-21,"a restless mirror will gather, and a quiet shift will pass almost unnoticed.",Number of heat/hot water complaints to 311: Very High
82,03-22,"something unnamed, an unseen murmur will gather, and something long held back will edge closer to the surface.",Number of NYC Ferry boardings: Low | Number of 311 service requests handled by the Department of Homeless Services (DHS): Very Low | Number of noise (street/sidewalk) complaints to 311: Low | Number of NYPD arrests: Medium
83,03-23,"an unseen murmur, something unnamed will gather, and something long held back will edge closer to the surface.",Number of noise (street/sidewalk) complaints to 311: Low | Number of rodent inspections conducted by NYC: Very Low | Number of dog bite incidents reported to DOHMH: Medium
84,03-24,"something unnamed, an unseen murmur will gather, and the air will hesitate just long enough to matter.",Number of unsanitary condition complaints to 311: Very Low | Number of noise (street/sidewalk) complaints to 311: Medium | Number of NYPD arrests: Low
85,03-25,"something unnamed will gather, and a quiet shift will pass almost unnoticed.",Number of street condition complaints to 311: High | Number of 311 service requests handled by the Department of Homeless Services (DHS): Very Low
86,03-26,"an unseen murmur, something unnamed, a restless mirror will gather, and something long held back will edge closer to the surface.",Number of noise (street/sidewalk) complaints to 311: Very Low | Number of 311 service requests handled by the Department of Homeless Services (DHS): Low | Daily median total plankton (ASU/mL) across NYC DEP watershed reservoirs: Very High
87,03-27,"something unnamed will gather, until what seemed settled begins to tilt out of place.",Number of NYC Ferry boardings: Low | Number of NYPD arrests: Very High | Number of unsanitary condition complaints to 311: Low
88,03-28,"something unnamed will gather, before anyone thinks to call it a sign.",Number of 311 service requests handled by the Department of Homeless Services (DHS): Low | Number of NYC Ferry boardings: Very Low | Number of street condition complaints to 311: Very High
89,03-29,"a restless mirror will gather, and the air will hesitate just long enough to matter.",Number of heat/hot water complaints to 311: High
90,03-30,"something unnamed will gather, until what seemed settled begins to tilt out of place.",Number of unsanitary condition complaints to 311: Very Low | Number of 311 service requests handled by the Department of Homeless Services (DHS): Very Low
91,03-31,"something unnamed will gather, and something long held back will edge closer to the surface.",Number of NYC Ferry boardings: High
92,04-01,"something unnamed will gather, and the air will hesitate just long enough to matter.",Number of dog bite incidents reported to DOHMH: Low | Number of street condition complaints to 311: Very High | Number of rodent inspections conducted by NYC: High
93,04-02,"a restless mirror will gather, and the air will hesitate just long enough to matter.",Daily median turbidity (NTU) across NYC DEP watershed reservoirs: Very High
94,04-03,"a restless mirror will gather, until what seemed settled begins to tilt out of place.",Daily median water pH (SU) across NYC DEP watershed reservoirs: High
95,04-04,"a restless mirror will gather, before anyone thinks to call it a sign.",Daily median water temperature (°C) across NYC DEP watershed reservoirs: Very Low | Daily median turbidity (NTU) across NYC DEP watershed reservoirs: Low
96,04-05,"something unnamed will gather, before anyone thinks to call it a sign.",Number of 311 service requests handled by the Department of Homeless Services (DHS): Low
97,04-06,"something unnamed will gather, and something long held back will edge closer to the surface.",Number of NYC Ferry boardings: Medium
98,04-07,"a restless mirror, something unnamed will gather, and a quiet shift will pass almost unnoticed.",Number of heat/hot water complaints to 311: Medium | Number of rodent inspections conducted by NYC: Low | Number of street condition complaints to 311: High
99,04-08,"something unnamed, a restless mirror will gather, and the air will hesitate just long enough to matter.",Number of unsanitary condition complaints to 311: Medium | Number of NYC Ferry boardings: Low | Daily median water temperature (°C) across NYC DEP watershed reservoirs: Very Low
100,04-09,"a restless mirror, something unnamed will gather, and the air will hesitate just long enough to matter.",Daily median total plankton (ASU/mL) across NYC DEP watershed reservoirs: Low | Daily median water pH (SU) across NYC DEP watershed reservoirs: Medium | Number of NYPD arrests: Very High
101,04-10,"an unseen murmur, something unnamed will gather, and something long held back will edge closer to the surface.",Number of noise (street/sidewalk) complaints to 311: Medium | Number of dog bite incidents reported to DOHMH: Very High | Number of NYC Ferry boardings: Medium
102,04-11,"something unnamed, a restless mirror will gather, until what seemed settled begins to tilt out of place.",Number of dog bite incidents reported to DOHMH: Very Low | Number of heat/hot water complaints to 311: Very Low
103,04-12,"an unseen murmur will gather, and the air will hesitate just long enough to matter.",Number of noise (street/sidewalk) complaints to 311: Low
104,04-13,"something unnamed, a restless mirror will gather, before anyone thinks to call it a sign.",Number of dog bite incidents reported to DOHMH: High | Number of NYC Ferry boardings: Low | Number of heat/hot water complaints to 311: Very Low
105,04-14,"a restless mirror, something unnamed will gather, and a quiet shift will pass almost unnoticed.",Number of heat/hot water complaints to 311: Very Low | Number of NYC Ferry boardings: High | Number of NYPD arrests: Very Low | Number of rodent inspections conducted by NYC: Low
106,04-15,"a restless mirror, an unseen murmur will gather, and a quiet shift will pass almost unnoticed.",Daily median turbidity (NTU) across NYC DEP watershed reservoirs: Very High | Number of noise (street/sidewalk) complaints to 311: High
107,04-16,"something unnamed will gather, and something long held back will edge closer to the surface.",Number of 311 service requests handled by the Department of Homeless Services (DHS): Very High | Number of unsanitary condition complaints to 311: High | Number of NYC Ferry boardings: High
108,04-17,"something unnamed will gather, and the air will hesitate just long enough to matter.",Number of NYPD arrests: Very High
109,04-18,"a restless mirror, something unnamed will gather, and a quiet shift will pass almost unnoticed.",Number of heat/hot water complaints to 311: High | Number of unsanitary condition complaints to 311: Medium | Number of rodent inspections conducted by NYC: Very High
110,04-19,"something unnamed will gather, and something long held back will edge closer to the surface.",Number of 311 service requests handled by the Department of Homeless Services (DHS): Medium
111,04-20,"something unnamed, a restless mirror, an unseen murmur will gather, and a quiet shift will pass almost unnoticed.",Number of NYPD arrests: Very Low | Number of heat/hot water complaints to 311: Medium | Number of street condition complaints to 311: Medium | Number of noise (street/sidewalk) complaints to 311: High
112,04-21,"something unnamed will gather, until what seemed settled begins to tilt out of place.",Number of unsanitary condition complaints to 311: Very Low | Number of NYC Ferry boardings: Low
113,04-22,"a restless mirror, something unnamed will gather, and the air will hesitate just long enough to matter.",Daily median turbidity (NTU) across NYC DEP watershed reservoirs: Low | Number of dog bite incidents reported to DOHMH: High | Daily median water pH (SU) across NYC DEP watershed reservoirs: Very Low
114,04-23,"a restless mirror, an unseen murmur, something unnamed will gather, and something long held back will edge closer to the surface.",Daily median total plankton (ASU/mL) across NYC DEP watershed reservoirs: Low | Number of noise (street/sidewalk) complaints to 311: Low | Number of rodent inspections conducted by NYC: Medium | Daily median water temperature (°C) across NYC DEP watershed reservoirs: Very Low
115,04-24,"something unnamed, a restless mirror will gather, and a quiet shift will pass almost unnoticed.",Number of rodent inspections conducted by NYC: High | Daily median turbidity (NTU) across NYC DEP watershed reservoirs: Medium
116,04-25,"something unnamed, a restless mirror will gather, and the air will hesitate just long enough to matter.",Number of 311 service requests handled by the Department of Homeless Services (DHS): Medium | Daily median water pH (SU) across NYC DEP watershed reservoirs: Very High | Daily median total phosphorus (µg/L) across NYC DEP watershed reservoirs: High
117,04-26,"something unnamed, an unseen murmur, a restless mirror will gather, and a quiet shift will pass almost unnoticed.",Number of unsanitary condition complaints to 311: Medium | Number of noise (street/sidewalk) complaints to 311: Low | Number of heat/hot water complaints to 311: Medium | Number of NYC Ferry boardings: High
118,04-27,"something unnamed will gather, and a quiet shift will pass almost unnoticed.",Number of 311 service requests handled by the Department of Homeless Services (DHS): Low | Number of street condition complaints to 311: Very Low
119,04-28,"something unnamed will gather, and something long held back will edge closer to the surface.",Number of rodent inspections conducted by NYC: Very Low
120,04-29,"something unnamed will gather, and something long held back will edge closer to the surface.",Number of unsanitary condition complaints to 311: Medium | Number of dog bite incidents reported to DOHMH: Low
121,04-30,"something unnamed will gather, until what seemed settled begins to tilt out of place.",Number of rodent inspections conducted by NYC: Very High | Number of NYPD arrests: High | Number of dog bite incidents reported to DOHMH: Very Low
122,05-01,"a restless mirror will gather, and something long held back will edge closer to the surface.",Daily median turbidity (NTU) across NYC DEP watershed reservoirs: Very Low
123,05-02,"something unnamed, a restless mirror will gather, before anyone thinks to call it a sign.",Number of street condition complaints to 311: Very High | Number of heat/hot water complaints to 311: Medium | Daily median water temperature (°C) across NYC DEP watershed reservoirs: High
124,05-03,"something unnamed, a restless mirror, an unseen murmur will gather, before anyone thinks to call it a sign.",Number of unsanitary condition complaints to 311: Low | Daily median water pH (SU) across NYC DEP watershed reservoirs: Very High | Number of noise (street/sidewalk) complaints to 311: Medium
125,05-04,"something unnamed will gather, until what seemed settled begins to tilt out of place.",Number of NYC Ferry boardings: High | Number of street condition complaints to 311: Very Low | Number of NYPD arrests: Very Low
126,05-05,"something unnamed will gather, and the air will hesitate just long enough to matter.",Number of dog bite incidents reported to DOHMH: Very Low
127,05-06,"something unnamed will gather, until what seemed settled begins to tilt out of place.",Number of street condition complaints to 311: Very High
128,05-07,"a restless mirror, something unnamed will gather, before anyone thinks to call it a sign.",Number of heat/hot water complaints to 311: Medium | Number of street condition complaints to 311: Very High | Number of NYPD arrests: High
129,05-08,"something unnamed will gather, and something long held back will edge closer to the surface.",Number of 311 service requests handled by the Department of Homeless Services (DHS): High | Number of NYPD arrests: Very High
130,05-09,"a restless mirror will gather, before anyone thinks to call it a sign.",Daily median turbidity (NTU) across NYC DEP watershed reservoirs: Medium
131,05-10,"an unseen murmur, a restless mirror will gather, until what seemed settled begins to tilt out of place.",Number of noise (street/sidewalk) complaints to 311: Low | Daily median water temperature (°C) across NYC DEP watershed reservoirs: Low | Daily median water pH (SU) across NYC DEP watershed reservoirs: Very High
132,05-11,"something unnamed, a restless mirror will gather, and a quiet shift will pass almost unnoticed.",Number of street condition complaints to 311: Low | Number of heat/hot water complaints to 311: Medium | Number of NYC Ferry boardings: Very High
133,05-12,"an unseen murmur will gather, before anyone thinks to call it a sign.",Number of noise (street/sidewalk) complaints to 311: Medium
134,05-13,"a restless mirror will gather, before anyone thinks to call it a sign.",Daily median total phosphorus (µg/L) across NYC DEP watershed reservoirs: High
135,05-14,"a restless mirror, an unseen murmur, something unnamed will gather, and the air will hesitate just long enough to matter.",Daily median turbidity (NTU) across NYC DEP watershed reservoirs: High | Number of heat/hot water complaints to 311: Medium | Number of noise (street/sidewalk) complaints to 311: Medium | Number of NYC Ferry boardings: Medium
136,05-15,"a restless mirror, something unnamed will gather, and something long held back will edge closer to the surface.",Daily median total phosphorus (µg/L) across NYC DEP watershed reservoirs: High | Number of NYC Ferry boardings: Low | Daily median water temperature (°C) across NYC DEP watershed reservoirs: Low | Number of unsanitary condition complaints to 311: Medium
137,05-16,"an unseen murmur, something unnamed will gather, and something long held back will edge closer to the surface.",Number of noise (street/sidewalk) complaints to 311: Low | Number of NYC Ferry boardings: Medium
138,05-17,"something unnamed will gather, until what seemed settled begins to tilt out of place.",Number of street condition complaints to 311: High
139,05-18,"something unnamed will gather, until what seemed settled begins to tilt out of place.",Number of 311 service requests handled by the Department of Homeless Services (DHS): Medium
140,05-19,"something unnamed will gather, and something long held back will edge closer to the surface.",Number of street condition complaints to 311: Low | Number of NYC Ferry boardings: Very High
141,05-20,"a restless mirror will gather, and the air will hesitate just long enough to matter.",Number of heat/hot water complaints to 311: Low | Daily median turbidity (NTU) across NYC DEP watershed reservoirs: High
142,05-21,"something unnamed, a restless mirror will gather, and the air will hesitate just long enough to matter.",Number of street condition complaints to 311: Very High | Number of NYC Ferry boardings: High | Number of NYPD arrests: High | Number of heat/hot water complaints to 311: Low
143,05-22,"something unnamed, a restless mirror will gather, and the air will hesitate just long enough to matter.",Number of NYPD arrests: Very High | Number of NYC Ferry boardings: Very High | Number of street condition complaints to 311: Very High | Number of heat/hot water complaints to 311: Low
144,05-23,"an unseen murmur, something unnamed will gather, and the air will hesitate just long enough to matter.",Number of noise (street/sidewalk) complaints to 311: Medium | Number of rodent inspections conducted by NYC: High
145,05-24,"a restless mirror will gather, until what seemed settled begins to tilt out of place.",Daily median total plankton (ASU/mL) across NYC DEP watershed reservoirs: Medium
146,05-25,"something unnamed will gather, and a quiet shift will pass almost unnoticed.",Number of dog bite incidents reported to DOHMH: Medium | Number of street condition complaints to 311: Low
147,05-26,"something unnamed will gather, and something long held back will edge closer to the surface.",Number of dog bite incidents reported to DOHMH: Medium | Number of NYC Ferry boardings: Very High
148,05-27,"something unnamed will gather, until what seemed settled begins to tilt out of place.",Number of dog bite incidents reported to DOHMH: Medium | Number of street condition complaints to 311: Low
149,05-28,"a restless mirror will gather, and something long held back will edge closer to the surface.",Daily median total plankton (ASU/mL) across NYC DEP watershed reservoirs: Medium | Daily median total phosphorus (µg/L) across NYC DEP watershed reservoirs: Very Low
150,05-29,"something unnamed will gather, until what seemed settled begins to tilt out of place.",Number of rodent inspections conducted by NYC: Very High
151,05-30,"something unnamed, an unseen murmur will gather, before anyone thinks to call it a sign.",Number of NYPD arrests: Medium | Number of rodent inspections conducted by NYC: Very High | Number of noise (street/sidewalk) complaints to 311: Medium | Number of street condition complaints to 311: Very High
152,05-31,"something unnamed will gather, and the air will hesitate just long enough to matter.",Number of dog bite incidents reported to DOHMH: Very High
153,06-01,"an unseen murmur, something unnamed will gather, and a quiet shift will pass almost unnoticed.",Number of noise (street/sidewalk) complaints to 311: Very High | Number of street condition complaints to 311: Low | Number of NYC Ferry boardings: Very High
154,06-02,"something unnamed, an unseen murmur will gather, and the air will hesitate just long enough to matter.",Number of NYPD arrests: Low | Number of noise (street/sidewalk) complaints to 311: Very High | Number of NYC Ferry boardings: Very High
155,06-03,"a restless mirror, something unnamed will gather, until what seemed settled begins to tilt out of place.",Daily median water temperature (°C) across NYC DEP watershed reservoirs: Very High | Number of dog bite incidents reported to DOHMH: High
156,06-04,"something unnamed, a restless mirror will gather, before anyone thinks to call it a sign.",Number of dog bite incidents reported to DOHMH: Very Low | Daily median total phosphorus (µg/L) across NYC DEP watershed reservoirs: Low | Number of unsanitary condition complaints to 311: High
157,06-05,"something unnamed will gather, and a quiet shift will pass almost unnoticed.",Number of unsanitary condition complaints to 311: Very High | Number of dog bite incidents reported to DOHMH: Low
158,06-06,"something unnamed will gather, and a quiet shift will pass almost unnoticed.",Number of dog bite incidents reported to DOHMH: Medium
159,06-07,"something unnamed, a restless mirror will gather, and the air will hesitate just long enough to matter.",Number of 311 service requests handled by the Department of Homeless Services (DHS): High | Daily median turbidity (NTU) across NYC DEP watershed reservoirs: Very Low | Number of rodent inspections conducted by NYC: High
160,06-08,"something unnamed, an unseen murmur will gather, and the air will hesitate just long enough to matter.",Number of NYC Ferry boardings: Very High | Number of noise (street/sidewalk) complaints to 311: Very High
161,06-09,"something unnamed, an unseen murmur, a restless mirror will gather, until what seemed settled begins to tilt out of place.",Number of street condition complaints to 311: Low | Number of unsanitary condition complaints to 311: Very Low | Number of noise (street/sidewalk) complaints to 311: Very High | Number of heat/hot water complaints to 311: Low
162,06-10,"something unnamed, a restless mirror will gather, before anyone thinks to call it a sign.",Number of street condition complaints to 311: Very High | Number of heat/hot water complaints to 311: Low
163,06-11,"something unnamed will gather, before anyone thinks to call it a sign.",Number of 311 service requests handled by the Department of Homeless Services (DHS): Very High | Number of dog bite incidents reported to DOHMH: Medium | Number of NYC Ferry boardings: High
164,06-12,"something unnamed will gather, and a quiet shift will pass almost unnoticed.",Number of NYC Ferry boardings: High | Number of rodent inspections conducted by NYC: Medium | Number of NYPD arrests: Very High | Number of 311 service requests handled by the Department of Homeless Services (DHS): High
165,06-13,"something unnamed, a restless mirror will gather, before anyone thinks to call it a sign.",Number of 311 service requests handled by the Department of Homeless Services (DHS): Medium | Daily median turbidity (NTU) across NYC DEP watershed reservoirs: Low
166,06-14,"something unnamed will gather, and something long held back will edge closer to the surface.",Number of street condition complaints to 311: High | Number of NYPD arrests: Medium | Number of dog bite incidents reported to DOHMH: Medium | Number of unsanitary condition complaints to 311: Medium
167,06-15,"something unnamed will gather, until what seemed settled begins to tilt out of place.",Number of NYC Ferry boardings: Very High | Number of 311 service requests handled by the Department of Homeless Services (DHS): Medium | Number of NYPD arrests: Medium | Number of unsanitary condition complaints to 311: Very Low
168,06-16,"something unnamed will gather, and something long held back will edge closer to the surface.",Number of unsanitary condition complaints to 311: Very Low
169,06-17,"something unnamed will gather, until what seemed settled begins to tilt out of place.",Number of 311 service requests handled by the Department of Homeless Services (DHS): High | Number of street condition complaints to 311: High
170,06-18,"something unnamed, a restless mirror will gather, and the air will hesitate just long enough to matter.",Number of NYPD arrests: High | Daily median turbidity (NTU) across NYC DEP watershed reservoirs: Medium | Number of unsanitary condition complaints to 311: High
171,06-19,"something unnamed, an unseen murmur will gather, until what seemed settled begins to tilt out of place.",Number of 311 service requests handled by the Department of Homeless Services (DHS): Medium | Number of noise (street/sidewalk) complaints to 311: Very High
172,06-20,"something unnamed, a restless mirror will gather, before anyone thinks to call it a sign.",Number of street condition complaints to 311: High | Daily median water pH (SU) across NYC DEP watershed reservoirs: High | Daily median total phosphorus (µg/L) across NYC DEP watershed reservoirs: High
173,06-21,"something unnamed will gather, until what seemed settled begins to tilt out of place.",Number of unsanitary condition complaints to 311: Medium
174,06-22,"something unnamed will gather, before anyone thinks to call it a sign.",Number of NYC Ferry boardings: Very High | Number of unsanitary condition complaints to 311: Low | Number of street condition complaints to 311: Low
175,06-23,"something unnamed will gather, until what seemed settled begins to tilt out of place.",Number of 311 service requests handled by the Department of Homeless Services (DHS): Medium
176,06-24,"a restless mirror will gather, and a quiet shift will pass almost unnoticed.",Daily median water temperature (°C) across NYC DEP watershed reservoirs: Very High
177,06-25,"something unnamed will gather, and a quiet shift will pass almost unnoticed.",Number of street condition complaints to 311: Very High
178,06-26,"something unnamed will gather, and the air will hesitate just long enough to matter.",Number of rodent inspections conducted by NYC: Medium
179,06-27,"something unnamed will gather, and the air will hesitate just long enough to matter.",Number of dog bite incidents reported to DOHMH: Low
180,06-28,"something unnamed, a restless mirror, an unseen murmur will gather, before anyone thinks to call it a sign.",Number of dog bite incidents reported to DOHMH: Very High | Number of heat/hot water complaints to 311: Very Low | Number of rodent inspections conducted by NYC: Medium | Number of noise (street/sidewalk) complaints to 311: Very High
181,06-29,"something unnamed will gather, and something long held back will edge closer to the surface.",Number of NYC Ferry boardings: Very High
182,06-30,"a restless mirror will gather, until what seemed settled begins to tilt out of place.",Number of heat/hot water complaints to 311: Very Low
183,07-01,"something unnamed will gather, until what seemed settled begins to tilt out of place.",Number of rodent inspections conducted by NYC: High | Number of dog bite incidents reported to DOHMH: High
184,07-02,"something unnamed will gather, and the air will hesitate just long enough to matter.",Number of NYPD arrests: Very High | Number of NYC Ferry boardings: Very High
185,07-03,"something unnamed, a restless mirror will gather, until what seemed settled begins to tilt out of place.",Number of NYPD arrests: Very High | Number of rodent inspections conducted by NYC: Medium | Daily median water temperature (°C) across NYC DEP watershed reservoirs: Very High | Number of dog bite incidents reported to DOHMH: High
186,07-04,"something unnamed will gather, until what seemed settled begins to tilt out of place.",Number of rodent inspections conducted by NYC: Very Low | Number of street condition complaints to 311: Very Low | Number of dog bite incidents reported to DOHMH: Very High
187,07-05,"something unnamed will gather, and the air will hesitate just long enough to matter.",Number of NYPD arrests: High | Number of 311 service requests handled by the Department of Homeless Services (DHS): High | Number of NYC Ferry boardings: Very High
188,07-06,"something unnamed will gather, and a quiet shift will pass almost unnoticed.",Number of 311 service requests handled by the Department of Homeless Services (DHS): Medium | Number of NYPD arrests: Medium
189,07-07,"something unnamed will gather, before anyone thinks to call it a sign.",Number of unsanitary condition complaints to 311: Low | Number of rodent inspections conducted by NYC: Very Low
190,07-08,"a restless mirror, something unnamed will gather, before anyone thinks to call it a sign.",Daily median turbidity (NTU) across NYC DEP watershed reservoirs: Low | Daily median total plankton (ASU/mL) across NYC DEP watershed reservoirs: High | Number of unsanitary condition complaints to 311: Very High
191,07-09,"a restless mirror will gather, before anyone thinks to call it a sign.",Daily median total plankton (ASU/mL) across NYC DEP watershed reservoirs: Low
192,07-10,"a restless mirror, something unnamed will gather, and a quiet shift will pass almost unnoticed.",Daily median water temperature (°C) across NYC DEP watershed reservoirs: Medium | Daily median turbidity (NTU) across NYC DEP watershed reservoirs: Low | Number of unsanitary condition complaints to 311: Very High | Number of street condition complaints to 311: High
193,07-11,"a restless mirror, something unnamed will gather, and the air will hesitate just long enough to matter.",Daily median water pH (SU) across NYC DEP watershed reservoirs: Low | Number of street condition complaints to 311: High | Number of NYC Ferry boardings: High | Number of unsanitary condition complaints to 311: Low
194,07-12,"something unnamed, a restless mirror will gather, and something long held back will edge closer to the surface.",Number of dog bite incidents reported to DOHMH: Very High | Number of NYC Ferry boardings: Medium | Number of NYPD arrests: Medium | Daily median water pH (SU) across NYC DEP watershed reservoirs: High
195,07-13,"something unnamed will gather, and the air will hesitate just long enough to matter.",Number of unsanitary condition complaints to 311: Very Low | Number of street condition complaints to 311: Very Low | Number of dog bite incidents reported to DOHMH: Medium
196,07-14,"something unnamed will gather, and a quiet shift will pass almost unnoticed.",Number of NYC Ferry boardings: Very High | Number of street condition complaints to 311: Low | Number of dog bite incidents reported to DOHMH: Very Low
197,07-15,"an unseen murmur, something unnamed will gather, before anyone thinks to call it a sign.",Number of noise (street/sidewalk) complaints to 311: High | Number of 311 service requests handled by the Department of Homeless Services (DHS): Very High
198,07-16,"something unnamed will gather, and something long held back will edge closer to the surface.",Number of NYC Ferry boardings: High | Number of rodent inspections conducted by NYC: High
199,07-17,"a restless mirror, something unnamed, an unseen murmur will gather, and the air will hesitate just long enough to matter.",Daily median total plankton (ASU/mL) across NYC DEP watershed reservoirs: Very High | Number of street condition complaints to 311: High | Number of noise (street/sidewalk) complaints to 311: Low
200,07-18,"a restless mirror, something unnamed will gather, and a quiet shift will pass almost unnoticed.",Daily median turbidity (NTU) across NYC DEP watershed reservoirs: Very Low | Number of street condition complaints to 311: Very High | Daily median water temperature (°C) across NYC DEP watershed reservoirs: High
201,07-19,"a restless mirror will gather, and a quiet shift will pass almost unnoticed.",Daily median water pH (SU) across NYC DEP watershed reservoirs: Very Low
202,07-20,"something unnamed will gather, and a quiet shift will pass almost unnoticed.",Number of NYPD arrests: Low
203,07-21,"something unnamed, a restless mirror will gather, until what seemed settled begins to tilt out of place.",Number of 311 service requests handled by the Department of Homeless Services (DHS): Medium | Number of heat/hot water complaints to 311: Very Low
204,07-22,"something unnamed will gather, and a quiet shift will pass almost unnoticed.",Number of 311 service requests handled by the Department of Homeless Services (DHS): High
205,07-23,"something unnamed, a restless mirror will gather, until what seemed settled begins to tilt out of place.",Number of NYC Ferry boardings: High | Daily median water temperature (°C) across NYC DEP watershed reservoirs: Very High
206,07-24,"something unnamed, a restless mirror will gather, and a quiet shift will pass almost unnoticed.",Number of street condition complaints to 311: High | Number of heat/hot water complaints to 311: Very Low
207,07-25,"something unnamed will gather, before anyone thinks to call it a sign.",Number of 311 service requests handled by the Department of Homeless Services (DHS): Very High | Number of unsanitary condition complaints to 311: High | Number of NYPD arrests: Very High
208,07-26,"something unnamed will gather, and the air will hesitate just long enough to matter.",Number of dog bite incidents reported to DOHMH: Very High | Number of street condition complaints to 311: Medium
209,07-27,"something unnamed, an unseen murmur will gather, until what seemed settled begins to tilt out of place.",Number of 311 service requests handled by the Department of Homeless Services (DHS): High | Number of noise (street/sidewalk) complaints to 311: Very High | Number of unsanitary condition complaints to 311: Very Low | Number of NYPD arrests: Low
210,07-28,"something unnamed, a restless mirror will gather, before anyone thinks to call it a sign.",Number of NYC Ferry boardings: Very High | Number of heat/hot water complaints to 311: Very Low
211,07-29,"something unnamed, a restless mirror will gather, and the air will hesitate just long enough to matter.",Number of street condition complaints to 311: High | Daily median water pH (SU) across NYC DEP watershed reservoirs: Low | Daily median total phosphorus (µg/L) across NYC DEP watershed reservoirs: Very Low
212,07-30,"something unnamed, a restless mirror will gather, before anyone thinks to call it a sign.",Number of rodent inspections conducted by NYC: Medium | Number of heat/hot water complaints to 311: Very Low
213,07-31,"an unseen murmur, something unnamed, a restless mirror will gather, and a quiet shift will pass almost unnoticed.",Number of noise (street/sidewalk) complaints to 311: Medium | Number of 311 service requests handled by the Department of Homeless Services (DHS): Very High | Number of NYC Ferry boardings: High | Number of heat/hot water complaints to 311: Low
214,08-01,"a restless mirror, something unnamed will gather, until what seemed settled begins to tilt out of place.",Daily median water temperature (°C) across NYC DEP watershed reservoirs: Low | Number of NYC Ferry boardings: High | Number of dog bite incidents reported to DOHMH: Very High
215,08-02,"something unnamed will gather, and the air will hesitate just long enough to matter.",Number of NYC Ferry boardings: High
216,08-03,"something unnamed will gather, and something long held back will edge closer to the surface.",Number of 311 service requests handled by the Department of Homeless Services (DHS): High | Number of NYPD arrests: Medium
217,08-04,"something unnamed will gather, before anyone thinks to call it a sign.",Number of dog bite incidents reported to DOHMH: High
218,08-05,"something unnamed, an unseen murmur will gather, and something long held back will edge closer to the surface.",Number of rodent inspections conducted by NYC: High | Number of noise (street/sidewalk) complaints to 311: High | Number of NYC Ferry boardings: Very High
219,08-06,"a restless mirror will gather, before anyone thinks to call it a sign.",Daily median turbidity (NTU) across NYC DEP watershed reservoirs: Medium
220,08-07,"something unnamed will gather, and the air will hesitate just long enough to matter.",Number of NYPD arrests: Very High | Number of rodent inspections conducted by NYC: Low
221,08-08,"something unnamed, a restless mirror will gather, before anyone thinks to call it a sign.",Number of 311 service requests handled by the Department of Homeless Services (DHS): High | Daily median total phosphorus (µg/L) across NYC DEP watershed reservoirs: High | Number of dog bite incidents reported to DOHMH: Low
222,08-09,"something unnamed will gather, and the air will hesitate just long enough to matter.",Number of rodent inspections conducted by NYC: Medium | Number of NYPD arrests: High | Number of unsanitary condition complaints to 311: Very High
223,08-10,"something unnamed will gather, and something long held back will edge closer to the surface.",Number of 311 service requests handled by the Department of Homeless Services (DHS): Medium | Number of street condition complaints to 311: Very Low | Number of rodent inspections conducted by NYC: Low
224,08-11,"something unnamed will gather, and the air will hesitate just long enough to matter.",Number of street condition complaints to 311: Low
225,08-12,"an unseen murmur, a restless mirror will gather, until what seemed settled begins to tilt out of place.",Number of noise (street/sidewalk) complaints to 311: High | Daily median water pH (SU) across NYC DEP watershed reservoirs: Very Low | Daily median turbidity (NTU) across NYC DEP watershed reservoirs: Low | Daily median total plankton (ASU/mL) across NYC DEP watershed reservoirs: High
226,08-13,"something unnamed, a restless mirror will gather, before anyone thinks to call it a sign.",Number of NYC Ferry boardings: Very High | Number of dog bite incidents reported to DOHMH: Very High | Daily median total phosphorus (µg/L) across NYC DEP watershed reservoirs: Medium
227,08-14,"a restless mirror, something unnamed will gather, until what seemed settled begins to tilt out of place.",Daily median total phosphorus (µg/L) across NYC DEP watershed reservoirs: Very High | Daily median water pH (SU) across NYC DEP watershed reservoirs: Medium | Number of NYPD arrests: Very High
228,08-15,"something unnamed will gather, until what seemed settled begins to tilt out of place.",Number of rodent inspections conducted by NYC: Very High | Number of 311 service requests handled by the Department of Homeless Services (DHS): High
229,08-16,"something unnamed, an unseen murmur will gather, and something long held back will edge closer to the surface.",Number of NYC Ferry boardings: Very High | Number of dog bite incidents reported to DOHMH: High | Number of noise (street/sidewalk) complaints to 311: Very High
230,08-17,"an unseen murmur, a restless mirror, something unnamed will gather, and something long held back will edge closer to the surface.",Number of noise (street/sidewalk) complaints to 311: Very High | Number of heat/hot water complaints to 311: Low | Number of 311 service requests handled by the Department of Homeless Services (DHS): Medium | Number of dog bite incidents reported to DOHMH: Low
231,08-18,"something unnamed will gather, and something long held back will edge closer to the surface.",Number of dog bite incidents reported to DOHMH: High
232,08-19,"a restless mirror will gather, until what seemed settled begins to tilt out of place.",Daily median water pH (SU) across NYC DEP watershed reservoirs: Very High
233,08-20,"a restless mirror will gather, before anyone thinks to call it a sign.",Daily median total plankton (ASU/mL) across NYC DEP watershed reservoirs: Medium
234,08-21,"something unnamed, a restless mirror will gather, and the air will hesitate just long enough to matter.",Number of 311 service requests handled by the Department of Homeless Services (DHS): High | Number of heat/hot water complaints to 311: Low | Number of rodent inspections conducted by NYC: Medium | Number of dog bite incidents reported to DOHMH: Low
235,08-22,"something unnamed, an unseen murmur will gather, and the air will hesitate just long enough to matter.",Number of 311 service requests handled by the Department of Homeless Services (DHS): High | Number of noise (street/sidewalk) complaints to 311: High | Number of unsanitary condition complaints to 311: Very High | Number of rodent inspections conducted by NYC: Medium
236,08-23,"something unnamed will gather, and something long held back will edge closer to the surface.",Number of dog bite incidents reported to DOHMH: Low
237,08-24,"something unnamed will gather, until what seemed settled begins to tilt out of place.",Number of 311 service requests handled by the Department of Homeless Services (DHS): High | Number of unsanitary condition complaints to 311: Very Low
238,08-25,"something unnamed, an unseen murmur will gather, and a quiet shift will pass almost unnoticed.",Number of NYPD arrests: Very Low | Number of 311 service requests handled by the Department of Homeless Services (DHS): Medium | Number of dog bite incidents reported to DOHMH: Very High | Number of noise (street/sidewalk) complaints to 311: Very High
239,08-26,"an unseen murmur, something unnamed will gather, and something long held back will edge closer to the surface.",Number of noise (street/sidewalk) complaints to 311: High | Number of NYPD arrests: Very Low
240,08-27,"something unnamed, a restless mirror will gather, until what seemed settled begins to tilt out of place.",Number of rodent inspections conducted by NYC: Medium | Number of unsanitary condition complaints to 311: Very High | Number of NYPD arrests: High | Daily median total phosphorus (µg/L) across NYC DEP watershed reservoirs: Low
241,08-28,"a restless mirror, an unseen murmur will gather, before anyone thinks to call it a sign.",Number of heat/hot water complaints to 311: Very Low | Number of noise (street/sidewalk) complaints to 311: Medium | Daily median water temperature (°C) across NYC DEP watershed reservoirs: High
242,08-29,"something unnamed will gather, and the air will hesitate just long enough to matter.",Number of NYC Ferry boardings: High | Number of rodent inspections conducted by NYC: Medium
243,08-30,"something unnamed will gather, and the air will hesitate just long enough to matter.",Number of rodent inspections conducted by NYC: Medium
244,08-31,"an unseen murmur, something unnamed will gather, until what seemed settled begins to tilt out of place.",Number of noise (street/sidewalk) complaints to 311: Very High | Number of unsanitary condition complaints to 311: Low | Number of dog bite incidents reported to DOHMH: Very High
245,09-01,"something unnamed will gather, and a quiet shift will pass almost unnoticed.",Number of rodent inspections conducted by NYC: Very Low | Number of NYPD arrests: Very Low
246,09-02,"something unnamed will gather, and the air will hesitate just long enough to matter.",Number of NYPD arrests: Very Low | Number of 311 service requests handled by the Department of Homeless Services (DHS): Medium
247,09-03,"a restless mirror, something unnamed will gather, until what seemed settled begins to tilt out of place.",Daily median water pH (SU) across NYC DEP watershed reservoirs: Very Low | Daily median water temperature (°C) across NYC DEP watershed reservoirs: High | Number of unsanitary condition complaints to 311: Very High
248,09-04,"something unnamed will gather, and something long held back will edge closer to the surface.",Number of rodent inspections conducted by NYC: High | Number of dog bite incidents reported to DOHMH: Low
249,09-05,"something unnamed will gather, and a quiet shift will pass almost unnoticed.",Number of street condition complaints to 311: High
250,09-06,"something unnamed, a restless mirror will gather, before anyone thinks to call it a sign.",Number of NYC Ferry boardings: Medium | Daily median water pH (SU) across NYC DEP watershed reservoirs: Very High | Number of 311 service requests handled by the Department of Homeless Services (DHS): Very High | Number of rodent inspections conducted by NYC: High
251,09-07,"something unnamed will gather, and something long held back will edge closer to the surface.",Number of unsanitary condition complaints to 311: Low | Number of 311 service requests handled by the Department of Homeless Services (DHS): Very High | Number of rodent inspections conducted by NYC: Low
252,09-08,"something unnamed, a restless mirror, an unseen murmur will gather, and a quiet shift will pass almost unnoticed.",Number of dog bite incidents reported to DOHMH: Low | Number of heat/hot water complaints to 311: Very Low | Number of noise (street/sidewalk) complaints to 311: Very High | Number of unsanitary condition complaints to 311: Low
253,09-09,"a restless mirror will gather, and the air will hesitate just long enough to matter.",Daily median total phosphorus (µg/L) across NYC DEP watershed reservoirs: Medium | Daily median water temperature (°C) across NYC DEP watershed reservoirs: Very High
254,09-10,"something unnamed, an unseen murmur will gather, before anyone thinks to call it a sign.",Number of unsanitary condition complaints to 311: Very High | Number of noise (street/sidewalk) complaints to 311: High
255,09-11,"something unnamed, a restless mirror will gather, and a quiet shift will pass almost unnoticed.",Number of rodent inspections conducted by NYC: High | Daily median water temperature (°C) across NYC DEP watershed reservoirs: Very High | Daily median water pH (SU) across NYC DEP watershed reservoirs: High
256,09-12,"a restless mirror will gather, until what seemed settled begins to tilt out of place.",Daily median turbidity (NTU) across NYC DEP watershed reservoirs: Very Low | Number of heat/hot water complaints to 311: Very Low | Daily median total plankton (ASU/mL) across NYC DEP watershed reservoirs: High
257,09-13,"something unnamed, a restless mirror will gather, before anyone thinks to call it a sign.",Number of unsanitary condition complaints to 311: Very High | Daily median turbidity (NTU) across NYC DEP watershed reservoirs: Very Low | Number of 311 service requests handled by the Department of Homeless Services (DHS): Very High | Number of NYC Ferry boardings: High
258,09-14,"something unnamed, a restless mirror will gather, and the air will hesitate just long enough to matter.",Number of unsanitary condition complaints to 311: Low | Number of heat/hot water complaints to 311: Very Low
259,09-15,"something unnamed will gather, before anyone thinks to call it a sign.",Number of rodent inspections conducted by NYC: Low | Number of dog bite incidents reported to DOHMH: Very High | Number of 311 service requests handled by the Department of Homeless Services (DHS): Very High | Number of NYPD arrests: Very Low
260,09-16,"something unnamed will gather, and the air will hesitate just long enough to matter.",Number of NYPD arrests: Low
261,09-17,"a restless mirror, something unnamed will gather, and something long held back will edge closer to the surface.",Daily median water pH (SU) across NYC DEP watershed reservoirs: Low | Number of NYPD arrests: Very High | Number of NYC Ferry boardings: High | Number of 311 service requests handled by the Department of Homeless Services (DHS): Very High
262,09-18,"an unseen murmur will gather, and something long held back will edge closer to the surface.",Number of noise (street/sidewalk) complaints to 311: High
263,09-19,"something unnamed, an unseen murmur will gather, and a quiet shift will pass almost unnoticed.",Number of rodent inspections conducted by NYC: Very High | Number of noise (street/sidewalk) complaints to 311: High | Number of street condition complaints to 311: Medium
264,09-20,"something unnamed will gather, and a quiet shift will pass almost unnoticed.",Number of street condition complaints to 311: Medium | Number of unsanitary condition complaints to 311: High
265,09-21,"something unnamed, an unseen murmur will gather, before anyone thinks to call it a sign.",Number of dog bite incidents reported to DOHMH: Low | Number of 311 service requests handled by the Department of Homeless Services (DHS): High | Number of noise (street/sidewalk) complaints to 311: Very High | Number of rodent inspections conducted by NYC: Low
266,09-22,"something unnamed will gather, and a quiet shift will pass almost unnoticed.",Number of rodent inspections conducted by NYC: Low | Number of 311 service requests handled by the Department of Homeless Services (DHS): High | Number of NYPD arrests: Very Low | Number of dog bite incidents reported to DOHMH: Medium
267,09-23,"a restless mirror will gather, before anyone thinks to call it a sign.",Number of heat/hot water complaints to 311: Low | Daily median total plankton (ASU/mL) across NYC DEP watershed reservoirs: Very High | Daily median water pH (SU) across NYC DEP watershed reservoirs: Very Low
268,09-24,"something unnamed, a restless mirror will gather, and something long held back will edge closer to the surface.",Number of NYC Ferry boardings: Medium | Number of NYPD arrests: Medium | Daily median water pH (SU) across NYC DEP watershed reservoirs: Low
269,09-25,"something unnamed, a restless mirror will gather, before anyone thinks to call it a sign.",Number of unsanitary condition complaints to 311: Very High | Daily median total plankton (ASU/mL) across NYC DEP watershed reservoirs: Very Low | Number of NYC Ferry boardings: Medium | Daily median total phosphorus (µg/L) across NYC DEP watershed reservoirs: Very Low
270,09-26,"something unnamed, a restless mirror will gather, and a quiet shift will pass almost unnoticed.",Number of unsanitary condition complaints to 311: Medium | Number of rodent inspections conducted by NYC: High | Daily median turbidity (NTU) across NYC DEP watershed reservoirs: Very Low
271,09-27,"something unnamed, a restless mirror will gather, until what seemed settled begins to tilt out of place.",Number of 311 service requests handled by the Department of Homeless Services (DHS): Very High | Number of dog bite incidents reported to DOHMH: Medium | Number of heat/hot water complaints to 311: Very Low
272,09-28,"an unseen murmur, a restless mirror will gather, until what seemed settled begins to tilt out of place.",Number of noise (street/sidewalk) complaints to 311: Very High | Number of heat/hot water complaints to 311: Very Low
273,09-29,"an unseen murmur, something unnamed will gather, and something long held back will edge closer to the surface.",Number of noise (street/sidewalk) complaints to 311: High | Number of unsanitary condition complaints to 311: Low | Number of rodent inspections conducted by NYC: Low
274,09-30,"an unseen murmur, something unnamed will gather, until what seemed settled begins to tilt out of place.",Number of noise (street/sidewalk) complaints to 311: High | Number of rodent inspections conducted by NYC: Medium
275,10-01,"a restless mirror will gather, and a quiet shift will pass almost unnoticed.",Number of heat/hot water complaints to 311: Low
276,10-02,"a restless mirror, something unnamed will gather, and the air will hesitate just long enough to matter.",Daily median total plankton (ASU/mL) across NYC DEP watershed reservoirs: Low | Number of NYPD arrests: Very High
277,10-03,"a restless mirror will gather, and something long held back will edge closer to the surface.",Daily median water temperature (°C) across NYC DEP watershed reservoirs: Very High
278,10-04,"something unnamed, a restless mirror, an unseen murmur will gather, and something long held back will edge closer to the surface.",Number of 311 service requests handled by the Department of Homeless Services (DHS): Very High | Daily median total plankton (ASU/mL) across NYC DEP watershed reservoirs: Very High | Number of noise (street/sidewalk) complaints to 311: Very High
279,10-05,"something unnamed, a restless mirror will gather, before anyone thinks to call it a sign.",Number of 311 service requests handled by the Department of Homeless Services (DHS): High | Number of rodent inspections conducted by NYC: Low | Number of heat/hot water complaints to 311: Low | Number of NYC Ferry boardings: Very High
280,10-06,"something unnamed will gather, until what seemed settled begins to tilt out of place.",Number of unsanitary condition complaints to 311: Low
281,10-07,"a restless mirror, something unnamed will gather, and something long held back will edge closer to the surface.",Number of heat/hot water complaints to 311: Medium | Number of street condition complaints to 311: Medium
282,10-08,"a restless mirror will gather, and a quiet shift will pass almost unnoticed.",Daily median turbidity (NTU) across NYC DEP watershed reservoirs: Very High | Daily median total plankton (ASU/mL) across NYC DEP watershed reservoirs: High
283,10-09,"something unnamed will gather, and the air will hesitate just long enough to matter.",Number of street condition complaints to 311: Low
284,10-10,"something unnamed, a restless mirror will gather, and a quiet shift will pass almost unnoticed.",Number of NYC Ferry boardings: Medium | Number of 311 service requests handled by the Department of Homeless Services (DHS): Very High | Daily median total phosphorus (µg/L) across NYC DEP watershed reservoirs: High
285,10-11,"something unnamed, an unseen murmur will gather, before anyone thinks to call it a sign.",Number of 311 service requests handled by the Department of Homeless Services (DHS): Very High | Number of rodent inspections conducted by NYC: High | Number of unsanitary condition complaints to 311: Medium | Number of noise (street/sidewalk) complaints to 311: High
286,10-12,"something unnamed, an unseen murmur will gather, and something long held back will edge closer to the surface.",Number of dog bite incidents reported to DOHMH: Low | Number of street condition complaints to 311: Very Low | Number of unsanitary condition complaints to 311: Very Low | Number of noise (street/sidewalk) complaints to 311: Very High
287,10-13,"an unseen murmur, something unnamed will gather, and something long held back will edge closer to the surface.",Number of noise (street/sidewalk) complaints to 311: Very High | Number of 311 service requests handled by the Department of Homeless Services (DHS): Medium
288,10-14,"something unnamed, an unseen murmur, a restless mirror will gather, until what seemed settled begins to tilt out of place.",Number of dog bite incidents reported to DOHMH: Medium | Number of noise (street/sidewalk) complaints to 311: Medium | Number of heat/hot water complaints to 311: High
289,10-15,"something unnamed, a restless mirror will gather, before anyone thinks to call it a sign.",Number of street condition complaints to 311: Low | Number of unsanitary condition complaints to 311: Very High | Number of NYPD arrests: High | Daily median turbidity (NTU) across NYC DEP watershed reservoirs: High
290,10-16,"a restless mirror, something unnamed will gather, and the air will hesitate just long enough to matter.",Daily median water temperature (°C) across NYC DEP watershed reservoirs: High | Number of NYC Ferry boardings: Medium | Daily median total plankton (ASU/mL) across NYC DEP watershed reservoirs: Medium | Daily median total phosphorus (µg/L) across NYC DEP watershed reservoirs: Medium
291,10-17,"something unnamed will gather, before anyone thinks to call it a sign.",Number of unsanitary condition complaints to 311: Very High
292,10-18,"a restless mirror will gather, and something long held back will edge closer to the surface.",Daily median water temperature (°C) across NYC DEP watershed reservoirs: Low
293,10-19,"something unnamed will gather, until what seemed settled begins to tilt out of place.",Number of dog bite incidents reported to DOHMH: Low
294,10-20,"something unnamed will gather, and something long held back will edge closer to the surface.",Number of street condition complaints to 311: Very Low | Number of rodent inspections conducted by NYC: Very Low
295,10-21,"a restless mirror will gather, and the air will hesitate just long enough to matter.",Daily median water temperature (°C) across NYC DEP watershed reservoirs: Medium | Daily median water pH (SU) across NYC DEP watershed reservoirs: Very Low | Daily median total phosphorus (µg/L) across NYC DEP watershed reservoirs: High
296,10-22,"a restless mirror, something unnamed will gather, until what seemed settled begins to tilt out of place.",Number of heat/hot water complaints to 311: Medium | Number of unsanitary condition complaints to 311: Very High | Daily median turbidity (NTU) across NYC DEP watershed reservoirs: High | Number of 311 service requests handled by the Department of Homeless Services (DHS): Very High
297,10-23,"something unnamed, a restless mirror will gather, before anyone thinks to call it a sign.",Number of rodent inspections conducted by NYC: Low | Daily median water pH (SU) across NYC DEP watershed reservoirs: High | Number of 311 service requests handled by the Department of Homeless Services (DHS): Very High
298,10-24,"something unnamed will gather, and a quiet shift will pass almost unnoticed.",Number of rodent inspections conducted by NYC: Medium | Number of 311 service requests handled by the Department of Homeless Services (DHS): High | Number of unsanitary condition complaints to 311: High | Number of dog bite incidents reported to DOHMH: High
299,10-25,"something unnamed, a restless mirror will gather, and the air will hesitate just long enough to matter.",Number of NYPD arrests: Medium | Number of street condition complaints to 311: Very Low | Daily median turbidity (NTU) across NYC DEP watershed reservoirs: Very Low
300,10-26,"something unnamed will gather, and something long held back will edge closer to the surface.",Number of street condition complaints to 311: Very Low | Number of unsanitary condition complaints to 311: Very Low
301,10-27,"an unseen murmur will gather, and something long held back will edge closer to the surface.",Number of noise (street/sidewalk) complaints to 311: High
302,10-28,"something unnamed will gather, until what seemed settled begins to tilt out of place.",Number of street condition complaints to 311: Low | Number of unsanitary condition complaints to 311: Very High
303,10-29,"something unnamed will gather, until what seemed settled begins to tilt out of place.",Number of rodent inspections conducted by NYC: Low
304,10-30,"a restless mirror, something unnamed, an unseen murmur will gather, until what seemed settled begins to tilt out of place.",Number of heat/hot water complaints to 311: Medium | Number of NYC Ferry boardings: High | Number of noise (street/sidewalk) complaints to 311: High
305,10-31,"something unnamed will gather, before anyone thinks to call it a sign.",Number of unsanitary condition complaints to 311: Low | Number of dog bite incidents reported to DOHMH: High
306,11-01,"a restless mirror, something unnamed will gather, and something long held back will edge closer to the surface.",Daily median water pH (SU) across NYC DEP watershed reservoirs: High | Daily median turbidity (NTU) across NYC DEP watershed reservoirs: Very High | Number of street condition complaints to 311: Very Low
307,11-02,"something unnamed will gather, before anyone thinks to call it a sign.",Number of dog bite incidents reported to DOHMH: Medium
308,11-03,"something unnamed will gather, until what seemed settled begins to tilt out of place.",Number of NYC Ferry boardings: Medium
309,11-04,"a restless mirror will gather, until what seemed settled begins to tilt out of place.",Daily median water temperature (°C) across NYC DEP watershed reservoirs: Medium
310,11-05,"something unnamed will gather, and something long held back will edge closer to the surface.",Number of 311 service requests handled by the Department of Homeless Services (DHS): High | Number of street condition complaints to 311: Low | Number of dog bite incidents reported to DOHMH: Medium | Number of NYPD arrests: Low
311,11-06,"a restless mirror will gather, until what seemed settled begins to tilt out of place.",Daily median total plankton (ASU/mL) across NYC DEP watershed reservoirs: Very Low | Daily median water temperature (°C) across NYC DEP watershed reservoirs: Medium
312,11-07,"an unseen murmur, a restless mirror, something unnamed will gather, and something long held back will edge closer to the surface.",Number of noise (street/sidewalk) complaints to 311: Medium | Daily median water temperature (°C) across NYC DEP watershed reservoirs: High | Number of street condition complaints to 311: Low | Number of unsanitary condition complaints to 311: Medium
313,11-08,"something unnamed will gather, until what seemed settled begins to tilt out of place.",Number of rodent inspections conducted by NYC: Very High
314,11-09,"something unnamed, an unseen murmur, a restless mirror will gather, before anyone thinks to call it a sign.",Number of NYC Ferry boardings: Medium | Number of noise (street/sidewalk) complaints to 311: Medium | Number of heat/hot water complaints to 311: Very High
315,11-10,"something unnamed, an unseen murmur will gather, and the air will hesitate just long enough to matter.",Number of NYC Ferry boardings: Low | Number of street condition complaints to 311: Very Low | Number of noise (street/sidewalk) complaints to 311: Medium
316,11-11,"something unnamed will gather, and something long held back will edge closer to the surface.",Number of rodent inspections conducted by NYC: Very Low | Number of dog bite incidents reported to DOHMH: Very Low
317,11-12,"a restless mirror will gather, and something long held back will edge closer to the surface.",Daily median water temperature (°C) across NYC DEP watershed reservoirs: Medium | Daily median turbidity (NTU) across NYC DEP watershed reservoirs: Medium | Daily median total plankton (ASU/mL) across NYC DEP watershed reservoirs: Low
318,11-13,"something unnamed, a restless mirror will gather, and the air will hesitate just long enough to matter.",Number of street condition complaints to 311: Very Low | Number of 311 service requests handled by the Department of Homeless Services (DHS): Low | Daily median total phosphorus (µg/L) across NYC DEP watershed reservoirs: High | Daily median total plankton (ASU/mL) across NYC DEP watershed reservoirs: Very Low
319,11-14,"something unnamed, a restless mirror will gather, and a quiet shift will pass almost unnoticed.",Number of NYPD arrests: Very High | Number of dog bite incidents reported to DOHMH: Very High | Daily median water temperature (°C) across NYC DEP watershed reservoirs: Medium
320,11-15,"something unnamed, a restless mirror will gather, before anyone thinks to call it a sign.",Number of street condition complaints to 311: Low | Number of unsanitary condition complaints to 311: Low | Daily median total phosphorus (µg/L) across NYC DEP watershed reservoirs: Very High | Daily median water pH (SU) across NYC DEP watershed reservoirs: High
321,11-16,"something unnamed will gather, and the air will hesitate just long enough to matter.",Number of 311 service requests handled by the Department of Homeless Services (DHS): Medium | Number of unsanitary condition complaints to 311: Low | Number of street condition complaints to 311: Very Low | Number of NYC Ferry boardings: Medium
322,11-17,"something unnamed will gather, and a quiet shift will pass almost unnoticed.",Number of 311 service requests handled by the Department of Homeless Services (DHS): Medium | Number of rodent inspections conducted by NYC: Very Low
323,11-18,"an unseen murmur, something unnamed will gather, until what seemed settled begins to tilt out of place.",Number of noise (street/sidewalk) complaints to 311: Medium | Number of unsanitary condition complaints to 311: Very High | Number of dog bite incidents reported to DOHMH: Very Low
324,11-19,"a restless mirror, something unnamed will gather, and something long held back will edge closer to the surface.",Daily median total phosphorus (µg/L) across NYC DEP watershed reservoirs: Low | Daily median water pH (SU) across NYC DEP watershed reservoirs: Low | Number of dog bite incidents reported to DOHMH: Medium | Daily median total plankton (ASU/mL) across NYC DEP watershed reservoirs: Very Low
325,11-20,"something unnamed, a restless mirror will gather, and a quiet shift will pass almost unnoticed.",Number of 311 service requests handled by the Department of Homeless Services (DHS): Very High | Daily median turbidity (NTU) across NYC DEP watershed reservoirs: Medium | Number of unsanitary condition complaints to 311: High | Daily median total plankton (ASU/mL) across NYC DEP watershed reservoirs: High
326,11-21,"something unnamed, a restless mirror will gather, until what seemed settled begins to tilt out of place.",Number of street condition complaints to 311: Medium | Daily median turbidity (NTU) across NYC DEP watershed reservoirs: Very Low
327,11-22,"an unseen murmur, a restless mirror, something unnamed will gather, and a quiet shift will pass almost unnoticed.",Number of noise (street/sidewalk) complaints to 311: Very Low | Daily median water temperature (°C) across NYC DEP watershed reservoirs: Very Low | Number of street condition complaints to 311: Low | Number of rodent inspections conducted by NYC: Medium
328,11-23,"something unnamed will gather, until what seemed settled begins to tilt out of place.",Number of street condition complaints to 311: Very Low
329,11-24,"something unnamed, a restless mirror will gather, and something long held back will edge closer to the surface.",Number of dog bite incidents reported to DOHMH: Low | Number of heat/hot water complaints to 311: Very High | Number of street condition complaints to 311: Low
330,11-25,"a restless mirror, something unnamed will gather, and a quiet shift will pass almost unnoticed.",Daily median water temperature (°C) across NYC DEP watershed reservoirs: Low | Number of NYPD arrests: Medium | Number of heat/hot water complaints to 311: Very High
331,11-26,"something unnamed, an unseen murmur will gather, before anyone thinks to call it a sign.",Number of unsanitary condition complaints to 311: Medium | Number of NYC Ferry boardings: Low | Number of noise (street/sidewalk) complaints to 311: Low | Number of dog bite incidents reported to DOHMH: Very Low
332,11-27,"something unnamed will gather, and something long held back will edge closer to the surface.",Number of street condition complaints to 311: Low
333,11-28,"something unnamed will gather, until what seemed settled begins to tilt out of place.",Number of 311 service requests handled by the Department of Homeless Services (DHS): Very Low
334,11-29,"something unnamed will gather, before anyone thinks to call it a sign.",Number of 311 service requests handled by the Department of Homeless Services (DHS): Low | Number of NYC Ferry boardings: Very Low
335,11-30,"something unnamed, an unseen murmur will gather, until what seemed settled begins to tilt out of place.",Number of NYPD arrests: Medium | Number of noise (street/sidewalk) complaints to 311: Low | Number of 311 service requests handled by the Department of Homeless Services (DHS): Very Low
336,12-01,"a restless mirror, something unnamed will gather, and the air will hesitate just long enough to matter.",Number of heat/hot water complaints to 311: Very High | Number of unsanitary condition complaints to 311: Low
337,12-02,"a restless mirror, an unseen murmur, something unnamed will gather, and a quiet shift will pass almost unnoticed.",Daily median turbidity (NTU) across NYC DEP watershed reservoirs: Medium | Number of noise (street/sidewalk) complaints to 311: Very Low | Daily median water temperature (°C) across NYC DEP watershed reservoirs: Very Low | Number of street condition complaints to 311: High
338,12-03,"an unseen murmur, a restless mirror, something unnamed will gather, and the air will hesitate just long enough to matter.",Number of noise (street/sidewalk) complaints to 311: Very Low | Daily median turbidity (NTU) across NYC DEP watershed reservoirs: Very High | Number of NYPD arrests: Very High | Number of unsanitary condition complaints to 311: Very High
339,12-04,"something unnamed, a restless mirror will gather, before anyone thinks to call it a sign.",Number of NYC Ferry boardings: Low | Daily median water temperature (°C) across NYC DEP watershed reservoirs: Low
340,12-05,"something unnamed, an unseen murmur will gather, until what seemed settled begins to tilt out of place.",Number of NYPD arrests: High | Number of dog bite incidents reported to DOHMH: Very Low | Number of rodent inspections conducted by NYC: Medium | Number of noise (street/sidewalk) complaints to 311: Very Low
341,12-06,"something unnamed, a restless mirror will gather, until what seemed settled begins to tilt out of place.",Number of rodent inspections conducted by NYC: High | Number of 311 service requests handled by the Department of Homeless Services (DHS): Low | Number of heat/hot water complaints to 311: Very High
342,12-07,"something unnamed, a restless mirror will gather, and a quiet shift will pass almost unnoticed.",Number of NYC Ferry boardings: Very Low | Number of dog bite incidents reported to DOHMH: Very Low | Number of heat/hot water complaints to 311: Very High
343,12-08,"something unnamed, an unseen murmur will gather, and something long held back will edge closer to the surface.",Number of NYC Ferry boardings: Very Low | Number of noise (street/sidewalk) complaints to 311: Medium | Number of dog bite incidents reported to DOHMH: Very Low | Number of NYPD arrests: Very Low
344,12-09,"a restless mirror, something unnamed will gather, until what seemed settled begins to tilt out of place.",Daily median water pH (SU) across NYC DEP watershed reservoirs: High | Number of street condition complaints to 311: High | Number of rodent inspections conducted by NYC: High
345,12-10,"a restless mirror will gather, and something long held back will edge closer to the surface.",Daily median total plankton (ASU/mL) across NYC DEP watershed reservoirs: Very Low
346,12-11,"something unnamed will gather, before anyone thinks to call it a sign.",Number of 311 service requests handled by the Department of Homeless Services (DHS): Low
347,12-12,"a restless mirror, something unnamed will gather, and something long held back will edge closer to the surface.",Number of heat/hot water complaints to 311: Very High | Number of 311 service requests handled by the Department of Homeless Services (DHS): Very Low | Number of NYC Ferry boardings: Low
348,12-13,"a restless mirror, something unnamed, an unseen murmur will gather, before anyone thinks to call it a sign.",Number of heat/hot water complaints to 311: Very High | Number of rodent inspections conducted by NYC: Medium | Number of unsanitary condition complaints to 311: Medium | Number of noise (street/sidewalk) complaints to 311: Very Low
349,12-14,"something unnamed will gather, and a quiet shift will pass almost unnoticed.",Number of NYPD arrests: Very Low | Number of 311 service requests handled by the Department of Homeless Services (DHS): Very Low
350,12-15,"something unnamed will gather, and something long held back will edge closer to the surface.",Number of 311 service requests handled by the Department of Homeless Services (DHS): Very Low | Number of rodent inspections conducted by NYC: Very Low
351,12-16,"something unnamed will gather, before anyone thinks to call it a sign.",Number of dog bite incidents reported to DOHMH: Very Low
352,12-17,"something unnamed, an unseen murmur will gather, until what seemed settled begins to tilt out of place.",Number of 311 service requests handled by the Department of Homeless Services (DHS): Medium | Number of unsanitary condition complaints to 311: Medium | Number of noise (street/sidewalk) complaints to 311: Low
353,12-18,"something unnamed will gather, before anyone thinks to call it a sign.",Number of NYC Ferry boardings: Low | Number of unsanitary condition complaints to 311: Low
354,12-19,"something unnamed will gather, and a quiet shift will pass almost unnoticed.",Number of street condition complaints to 311: High | Number of NYC Ferry boardings: Low
355,12-20,"something unnamed will gather, and the air will hesitate just long enough to matter.",Number of 311 service requests handled by the Department of Homeless Services (DHS): Very Low | Number of dog bite incidents reported to DOHMH: Medium | Number of NYC Ferry boardings: Very Low | Number of unsanitary condition complaints to 311: Low
356,12-21,"something unnamed will gather, and the air will hesitate just long enough to matter.",Number of dog bite incidents reported to DOHMH: Low
357,12-22,"something unnamed will gather, and something long held back will edge closer to the surface.",Number of dog bite incidents reported to DOHMH: Medium
358,12-23,"something unnamed will gather, and the air will hesitate just long enough to matter.",Number of street condition complaints to 311: Low | Number of NYC Ferry boardings: Very Low
359,12-24,"something unnamed, an unseen murmur will gather, until what seemed settled begins to tilt out of place.",Number of NYC Ferry boardings: Very Low | Number of noise (street/sidewalk) complaints to 311: Very Low
360,12-25,"something unnamed will gather, and the air will hesitate just long enough to matter.",Number of 311 service requests handled by the Department of Homeless Services (DHS): Very Low
361,12-26,"something unnamed will gather, before anyone thinks to call it a sign.",Number of street condition complaints to 311: Medium | Number of rodent inspections conducted by NYC: Low | Number of unsanitary condition complaints to 311: Low
362,12-27,"something unnamed will gather, until what seemed settled begins to tilt out of place.",Number of 311 service requests handled by the Department of Homeless Services (DHS): Very Low
363,12-28,"a restless mirror will gather, and something long held back will edge closer to the surface.",Number of heat/hot water complaints to 311: High
364,12-29,"a restless mirror will gather, and something long held back will edge closer to the surface.",Number of heat/hot water complaints to 311: High
365,12-30,"a restless mirror, something unnamed, an unseen murmur will gather, until what seemed settled begins to tilt out of place.",Daily median turbidity (NTU) across NYC DEP watershed reservoirs: Low | Number of NYPD arrests: Low | Number of noise (street/sidewalk) complaints to 311: Low | Number of NYC Ferry boardings: Medium
366,12-31,"something unnamed will gather, and something long held back will edge closer to the surface.",Number of 311 service requests handled by the Department of Homeless Services (DHS): Low | Number of street condition complaints to 311: Low | Number of unsanitary condition complaints to 311: Low | Number of dog bite incidents reported to DOHMH: High
