mmdd,prophecy,data_notes
01-01,"On this day, the biting is purposeful and somehow the grime has retreated to consider its options. You have been warned.","• Number of dog bite incidents reported to DOHMH: High
• Number of unsanitary condition complaints to 311: Very Low"
01-02,Mark it: heat makes demands without asking yet the city bites its tongue.,"• Number of heat and hot water complaints to 311: Very High
• Number of street and sidewalk noise complaints to 311: Very Low"
01-03,Be advised: the walls boil with something to say while the city bites its tongue.,"• Number of heat and hot water complaints to 311: Very High
• Number of street and sidewalk noise complaints to 311: Very Low"
01-04,Be advised: something accumulates in corners without shame and somehow the city bites its tongue. Plan around it.,"• Number of unsanitary condition complaints to 311: Very High
• Number of street and sidewalk noise complaints to 311: Very Low"
01-05,Know this: the pipes have opinions and they will not be silenced meanwhile the ferries idle with dignity. Take note.,"• Number of heat and hot water complaints to 311: Very High
• Number of NYC Ferry boardings: Very Low"
01-06,Be advised: the walls boil with something to say elsewhere the bureaucracy rests.,"• Number of heat and hot water complaints to 311: Very High
• Number of 311 service requests handled by the Department of Homeless Services (DHS): Very Low"
01-07,Mark it: the radiators are furious and somehow the bureaucracy rests.,"• Number of heat and hot water complaints to 311: Very High
• Number of 311 service requests handled by the Department of Homeless Services (DHS): Very Low"
01-08,Heat makes demands without asking and yet noise takes a personal day.,"• Number of heat and hot water complaints to 311: Very High
• Number of street and sidewalk noise complaints to 311: Very Low"
01-09,Know this: warmth is not given freely though noise takes a personal day. Take note.,"• Number of heat and hot water complaints to 311: High
• Number of street and sidewalk noise complaints to 311: Very Low"
01-10,"On this day, dogs make their feelings known physically meanwhile the bureaucracy rests. You have been warned.","• Number of dog bite incidents reported to DOHMH: Very High
• Number of 311 service requests handled by the Department of Homeless Services (DHS): Very Low"
01-11,"On this day, someone is definitely getting caught at the same time the shelter system breathes easy, briefly. Plan around it.","• Number of NYPD arrests: Very High
• Number of 311 service requests handled by the Department of Homeless Services (DHS): Very Low"
01-12,Be advised: warmth is not given freely at the same time the ferries idle with dignity.,"• Number of heat and hot water complaints to 311: High
• Number of NYC Ferry boardings: Very Low"
01-13,"On this day, the radiators groan their usual complaints and somehow the streets are in suspiciously good condition. Plan around it.","• Number of heat and hot water complaints to 311: High
• Number of street condition complaints to 311: Very Low"
01-14,"The walls boil with something to say while the roads are, uncharacteristically, fine. Proceed accordingly.","• Number of heat and hot water complaints to 311: Very High
• Number of street condition complaints to 311: Very Low"
01-15,"Today, the walls boil with something to say and yet an unusual quiet descends on the streets. Proceed accordingly.","• Number of heat and hot water complaints to 311: Very High
• Number of street and sidewalk noise complaints to 311: Very Low"
01-16,"On this day, the walls boil with something to say at the same time the ferries idle with dignity.","• Number of heat and hot water complaints to 311: Very High
• Number of NYC Ferry boardings: Very Low"
01-17,"Know this: the city forgets itself thoroughly elsewhere the water chills, privately. Take note.","• Number of unsanitary condition complaints to 311: Very High
• Daily median water temperature (°C) across NYC DEP watershed reservoirs: Very Low"
01-18,"Be advised: heat makes demands without asking while the shelter system breathes easy, briefly.","• Number of heat and hot water complaints to 311: Very High
• Number of 311 service requests handled by the Department of Homeless Services (DHS): Very Low"
01-19,"Today, the radiators are furious and somehow the streets are in suspiciously good condition. Or don't.","• Number of heat and hot water complaints to 311: Very High
• Number of street condition complaints to 311: Very Low"
01-20,Know this: the walls boil with something to say and somehow the city bites its tongue. Or don't.,"• Number of heat and hot water complaints to 311: Very High
• Number of street and sidewalk noise complaints to 311: Very Low"
01-21,"The pipes have opinions and they will not be silenced meanwhile the shelter system breathes easy, briefly.","• Number of heat and hot water complaints to 311: Very High
• Number of 311 service requests handled by the Department of Homeless Services (DHS): Very Low"
01-22,"Be advised: the radiators are furious though the shelter system breathes easy, briefly.","• Number of heat and hot water complaints to 311: Very High
• Number of 311 service requests handled by the Department of Homeless Services (DHS): Very Low"
01-23,"On this day, something accumulates in corners without shame meanwhile the boats are mostly just floating. Or don't.","• Number of unsanitary condition complaints to 311: Very High
• Number of NYC Ferry boardings: Very Low"
01-24,"Today, the law has a very full calendar at the same time the shelter system breathes easy, briefly. Take note.","• Number of NYPD arrests: Very High
• Number of 311 service requests handled by the Department of Homeless Services (DHS): Very Low"
01-25,Something gathers without invitation and yet the boats are mostly just floating.,"• Number of unsanitary condition complaints to 311: High
• Number of NYC Ferry boardings: Very Low"
01-26,"Today, the law stirs with intent though teeth make no commitments today. You have been warned.","• Number of NYPD arrests: High
• Number of dog bite incidents reported to DOHMH: Very Low"
01-27,Be advised: the radiators groan their usual complaints though the grime has retreated to consider its options.,"• Number of heat and hot water complaints to 311: High
• Number of unsanitary condition complaints to 311: Very Low"
01-28,Mark it: the radiators groan their usual complaints elsewhere the grime has retreated to consider its options. Take note.,"• Number of heat and hot water complaints to 311: High
• Number of unsanitary condition complaints to 311: Very Low"
01-29,The streets give up in several places at once elsewhere the harbor sees little traffic. Take note.,"• Number of street condition complaints to 311: Very High
• Number of NYC Ferry boardings: Very Low"
01-30,The streets give up in several places at once while teeth make no commitments today. Plan around it.,"• Number of street condition complaints to 311: Very High
• Number of dog bite incidents reported to DOHMH: Very Low"
01-31,"On this day, justice is making appointments and yet an unusual quiet descends on the streets. Or don't.","• Number of NYPD arrests: Very High
• Number of street and sidewalk noise complaints to 311: Very Low"
02-01,Mark it: infrastructure voices its grievances loudly and somehow an unusual quiet descends on the streets. Plan around it.,"• Number of street condition complaints to 311: Very High
• Number of street and sidewalk noise complaints to 311: Very Low"
02-02,Know this: the radiators groan their usual complaints though an unusual quiet descends on the streets. Plan around it.,"• Number of heat and hot water complaints to 311: High
• Number of street and sidewalk noise complaints to 311: Very Low"
02-03,Mark it: the pipes speak up at the same time the ferries idle with dignity. Take note.,"• Number of heat and hot water complaints to 311: High
• Number of NYC Ferry boardings: Very Low"
02-04,Know this: the pipes speak up and yet the bureaucracy rests. You have been warned.,"• Number of heat and hot water complaints to 311: High
• Number of 311 service requests handled by the Department of Homeless Services (DHS): Very Low"
02-05,Mark it: the streets give up in several places at once and somehow the boats are mostly just floating. Proceed accordingly.,"• Number of street condition complaints to 311: Very High
• Number of NYC Ferry boardings: Very Low"
02-06,Be advised: the law has a very full calendar and yet the city bites its tongue. Or don't.,"• Number of NYPD arrests: Very High
• Number of street and sidewalk noise complaints to 311: Very Low"
02-07,"Know this: someone is definitely getting caught at the same time the shelter system breathes easy, briefly. Plan around it.","• Number of NYPD arrests: Very High
• Number of 311 service requests handled by the Department of Homeless Services (DHS): Very Low"
02-08,"The handcuffs find their purpose and somehow dogs are, mysteriously, calm. Plan around it.","• Number of NYPD arrests: Very High
• Number of dog bite incidents reported to DOHMH: Very Low"
02-09,Mark it: the law stirs with intent while teeth make no commitments today. Plan around it.,"• Number of NYPD arrests: High
• Number of dog bite incidents reported to DOHMH: Very Low"
02-10,"Mark it: the biting is purposeful yet the roads are, uncharacteristically, fine. Take note.","• Number of dog bite incidents reported to DOHMH: High
• Number of street condition complaints to 311: Very Low"
02-11,"Know this: warmth is not given freely meanwhile the pavement has no complaints, for once. Proceed accordingly.","• Number of heat and hot water complaints to 311: High
• Number of street condition complaints to 311: Very Low"
02-12,The pipes speak up yet the bureaucracy rests. Proceed accordingly.,"• Number of heat and hot water complaints to 311: High
• Number of 311 service requests handled by the Department of Homeless Services (DHS): Very Low"
02-13,Heat makes demands without asking though the waiting rooms wait alone. Plan around it.,"• Number of heat and hot water complaints to 311: Very High
• Number of 311 service requests handled by the Department of Homeless Services (DHS): Very Low"
02-14,Mark it: the walls boil with something to say meanwhile the city bites its tongue.,"• Number of heat and hot water complaints to 311: Very High
• Number of street and sidewalk noise complaints to 311: Very Low"
02-15,"Mark it: the pipes have opinions and they will not be silenced yet the shelter system breathes easy, briefly. Proceed accordingly.","• Number of heat and hot water complaints to 311: Very High
• Number of 311 service requests handled by the Department of Homeless Services (DHS): Very Low"
02-16,"Today, the radiators groan their usual complaints elsewhere the city bites its tongue.","• Number of heat and hot water complaints to 311: High
• Number of street and sidewalk noise complaints to 311: Very Low"
02-17,"Today, dogs make their feelings known physically yet the shelter system breathes easy, briefly.","• Number of dog bite incidents reported to DOHMH: Very High
• Number of 311 service requests handled by the Department of Homeless Services (DHS): Very Low"
02-18,"On this day, the radiators are furious though the cops are looking elsewhere.","• Number of heat and hot water complaints to 311: Very High
• Number of NYPD arrests: Very Low"
02-19,Dogs make decisions and yet the law rests its hand. Plan around it.,"• Number of dog bite incidents reported to DOHMH: High
• Number of NYPD arrests: Very Low"
02-20,The pipes have opinions and they will not be silenced though the dogs observe without incident. Or don't.,"• Number of heat and hot water complaints to 311: Very High
• Number of dog bite incidents reported to DOHMH: Very Low"
02-21,Know this: justice is making appointments though the waiting rooms wait alone.,"• Number of NYPD arrests: Very High
• Number of 311 service requests handled by the Department of Homeless Services (DHS): Very Low"
02-22,Infrastructure voices its grievances loudly yet teeth make no commitments today. You have been warned.,"• Number of street condition complaints to 311: Very High
• Number of dog bite incidents reported to DOHMH: Very Low"
02-23,Warmth is not given freely while the harbor sees little traffic. Proceed accordingly.,"• Number of heat and hot water complaints to 311: High
• Number of NYC Ferry boardings: Very Low"
02-24,Be advised: dogs make their feelings known physically while the grime has retreated to consider its options.,"• Number of dog bite incidents reported to DOHMH: Very High
• Number of unsanitary condition complaints to 311: Very Low"
02-25,The pipes speak up and somehow the bureaucracy rests. Take note.,"• Number of heat and hot water complaints to 311: High
• Number of 311 service requests handled by the Department of Homeless Services (DHS): Very Low"
02-26,"Know this: every dog has a grievance and the nerve to file it elsewhere the shelter system breathes easy, briefly.","• Number of dog bite incidents reported to DOHMH: Very High
• Number of 311 service requests handled by the Department of Homeless Services (DHS): Very Low"
02-27,Mark it: infrastructure voices its grievances loudly elsewhere the city bites its tongue. Or don't.,"• Number of street condition complaints to 311: Very High
• Number of street and sidewalk noise complaints to 311: Very Low"
02-28,The pavement cracks under the weight of its own feelings elsewhere the waiting rooms wait alone. You have been warned.,"• Number of street condition complaints to 311: Very High
• Number of 311 service requests handled by the Department of Homeless Services (DHS): Very Low"
02-29,"On this day, the pavement cracks under the weight of its own feelings at the same time the bureaucracy rests. Proceed accordingly.","• Number of street condition complaints to 311: Very High
• Number of 311 service requests handled by the Department of Homeless Services (DHS): Very Low"
03-01,Mark it: the radiators groan their usual complaints elsewhere teeth make no commitments today. You have been warned.,"• Number of heat and hot water complaints to 311: High
• Number of dog bite incidents reported to DOHMH: Very Low"
03-02,The pipes speak up meanwhile the ferries idle with dignity. Plan around it.,"• Number of heat and hot water complaints to 311: High
• Number of NYC Ferry boardings: Very Low"
03-03,"The streets open their throats and do not close them while something has been cleaned up, for now. Or don't.","• Number of street and sidewalk noise complaints to 311: Very High
• Number of unsanitary condition complaints to 311: Very Low"
03-04,"Be advised: the streets give up in several places at once while the water chills, privately. Take note.","• Number of street condition complaints to 311: Very High
• Daily median water temperature (°C) across NYC DEP watershed reservoirs: Very Low"
03-05,Be advised: the pavement cracks under the weight of its own feelings elsewhere an unusual quiet descends on the streets. You have been warned.,"• Number of street condition complaints to 311: Very High
• Number of street and sidewalk noise complaints to 311: Very Low"
03-06,The pavement cracks under the weight of its own feelings and yet an unusual quiet descends on the streets. You have been warned.,"• Number of street condition complaints to 311: Very High
• Number of street and sidewalk noise complaints to 311: Very Low"
03-07,Mark it: the law has a very full calendar meanwhile the city bites its tongue. Plan around it.,"• Number of NYPD arrests: Very High
• Number of street and sidewalk noise complaints to 311: Very Low"
03-08,"On this day, infrastructure voices its grievances loudly elsewhere teeth make no commitments today.","• Number of street condition complaints to 311: Very High
• Number of dog bite incidents reported to DOHMH: Very Low"
03-09,The pipes speak up at the same time the waiting rooms wait alone. You have been warned.,"• Number of heat and hot water complaints to 311: High
• Number of 311 service requests handled by the Department of Homeless Services (DHS): Very Low"
03-10,Mark it: dogs make their feelings known physically and yet the grime has retreated to consider its options.,"• Number of dog bite incidents reported to DOHMH: Very High
• Number of unsanitary condition complaints to 311: Very Low"
03-11,"Know this: the water is unusually full of itself while the reservoirs run cold, as if to make a point. Plan around it.","• Daily median dissolved oxygen (mg/L) across NYC DEP watershed reservoirs: Very High
• Daily median water temperature (°C) across NYC DEP watershed reservoirs: Very Low"
03-12,The pavement cracks under the weight of its own feelings meanwhile the dogs observe without incident. Take note.,"• Number of street condition complaints to 311: Very High
• Number of dog bite incidents reported to DOHMH: Very Low"
03-13,"Be advised: the streets give up in several places at once, the law has a very full calendar. You have been warned.","• Number of street condition complaints to 311: Very High
• Number of NYPD arrests: Very High"
03-14,"Someone is definitely getting caught and yet dogs are, mysteriously, calm. Proceed accordingly.","• Number of NYPD arrests: Very High
• Number of dog bite incidents reported to DOHMH: Very Low"
03-15,Be advised: the pavement cracks under the weight of its own feelings though dogs are not playing around. Plan around it.,"• Number of street condition complaints to 311: Very High
• Number of dog bite incidents reported to DOHMH: High"
03-16,Mark it: the streets are loud and mean it and yet the grime has retreated to consider its options.,"• Number of street and sidewalk noise complaints to 311: High
• Number of unsanitary condition complaints to 311: Very Low"
03-17,The streets open their throats and do not close them though the cops are looking elsewhere. Take note.,"• Number of street and sidewalk noise complaints to 311: Very High
• Number of NYPD arrests: Very Low"
03-18,The streets give up in several places at once elsewhere the waiting rooms wait alone. Plan around it.,"• Number of street condition complaints to 311: Very High
• Number of 311 service requests handled by the Department of Homeless Services (DHS): Very Low"
03-19,"On this day, the reservoirs breathe very deeply today and yet the reservoirs run cold, as if to make a point. You have been warned.","• Daily median dissolved oxygen (mg/L) across NYC DEP watershed reservoirs: Very High
• Daily median water temperature (°C) across NYC DEP watershed reservoirs: Very Low"
03-20,"Dogs make their feelings known physically and yet the reservoirs run cold, as if to make a point. You have been warned.","• Number of dog bite incidents reported to DOHMH: Very High
• Daily median water temperature (°C) across NYC DEP watershed reservoirs: Very Low"
03-21,The walls boil with something to say meanwhile an unusual quiet descends on the streets.,"• Number of heat and hot water complaints to 311: Very High
• Number of street and sidewalk noise complaints to 311: Very Low"
03-22,Warmth is not given freely while the bureaucracy rests. Or don't.,"• Number of heat and hot water complaints to 311: High
• Number of 311 service requests handled by the Department of Homeless Services (DHS): Very Low"
03-23,The radiators groan their usual complaints yet the waiting rooms wait alone.,"• Number of heat and hot water complaints to 311: High
• Number of 311 service requests handled by the Department of Homeless Services (DHS): Very Low"
03-24,"Mark it: the radiators groan their usual complaints while the shelter system breathes easy, briefly. Plan around it.","• Number of heat and hot water complaints to 311: High
• Number of 311 service requests handled by the Department of Homeless Services (DHS): Very Low"
03-25,Be advised: the gutters speak meanwhile the cops are looking elsewhere.,"• Number of unsanitary condition complaints to 311: High
• Number of NYPD arrests: Very Low"
03-26,Know this: the reservoir teems with tiny intentions and yet the dogs observe without incident. You have been warned.,"• Daily median total plankton (ASU/mL) across NYC DEP watershed reservoirs: Very High
• Number of dog bite incidents reported to DOHMH: Very Low"
03-27,The handcuffs find their purpose and yet teeth make no commitments today.,"• Number of NYPD arrests: Very High
• Number of dog bite incidents reported to DOHMH: Very Low"
03-28,Mark it: the pavement cracks under the weight of its own feelings while the harbor sees little traffic. Take note.,"• Number of street condition complaints to 311: Very High
• Number of NYC Ferry boardings: Very Low"
03-29,Know this: dogs act with tremendous conviction though warmth is not given freely.,"• Number of dog bite incidents reported to DOHMH: Very High
• Number of heat and hot water complaints to 311: High"
03-30,"Mark it: teeth find purpose today at the same time something has been cleaned up, for now. Take note.","• Number of dog bite incidents reported to DOHMH: Very High
• Number of unsanitary condition complaints to 311: Very Low"
03-31,"On this day, the ferries run full and yet the shelter system breathes easy, briefly. Proceed accordingly.","• Number of NYC Ferry boardings: High
• Number of 311 service requests handled by the Department of Homeless Services (DHS): Very Low"
04-01,The reservoirs breathe very deeply today at the same time the reservoir runs thin on nutrients.,"• Daily median dissolved oxygen (mg/L) across NYC DEP watershed reservoirs: Very High
• Daily median total phosphorus (µg/L) across NYC DEP watershed reservoirs: Very Low"
04-02,"Today, the water grows murky with possibility elsewhere the phosphorus has retreated. Plan around it.","• Daily median turbidity (NTU) across NYC DEP watershed reservoirs: Very High
• Daily median total phosphorus (µg/L) across NYC DEP watershed reservoirs: Very Low"
04-03,"Be advised: the plankton multiply and do not explain themselves though the reservoirs run cold, as if to make a point.","• Daily median total plankton (ASU/mL) across NYC DEP watershed reservoirs: Very High
• Daily median water temperature (°C) across NYC DEP watershed reservoirs: Very Low"
04-04,"Know this: the reservoirs breathe very deeply today though the reservoirs run cold, as if to make a point.","• Daily median dissolved oxygen (mg/L) across NYC DEP watershed reservoirs: Very High
• Daily median water temperature (°C) across NYC DEP watershed reservoirs: Very Low"
04-05,"Be advised: the reservoir has taken a strong chemical stance elsewhere the reservoir achieves, briefly, innocence.","• Daily median pH (SU) across NYC DEP watershed reservoirs: Very High
• Daily median fecal coliform (CFU/100mL) across NYC DEP watershed reservoirs: Very Low"
04-06,"Know this: dogs act with tremendous conviction while something has been cleaned up, for now.","• Number of dog bite incidents reported to DOHMH: Very High
• Number of unsanitary condition complaints to 311: Very Low"
04-07,"Be advised: the roads are questioning their choices elsewhere dogs are, mysteriously, calm. Or don't.","• Number of street condition complaints to 311: High
• Number of dog bite incidents reported to DOHMH: Very Low"
04-08,"On this day, the reservoirs breathe very deeply today at the same time the reservoir achieves near-perfect balance, briefly. Proceed accordingly.","• Daily median dissolved oxygen (mg/L) across NYC DEP watershed reservoirs: Very High
• Daily median pH (SU) across NYC DEP watershed reservoirs: Very Low"
04-09,"The law has a very full calendar yet the water chills, privately. Or don't.","• Number of NYPD arrests: Very High
• Daily median water temperature (°C) across NYC DEP watershed reservoirs: Very Low"
04-10,"Infrastructure voices its grievances loudly elsewhere the water chills, privately.","• Number of street condition complaints to 311: Very High
• Daily median water temperature (°C) across NYC DEP watershed reservoirs: Very Low"
04-11,"Today, the streets give up in several places at once and yet an unusual quiet descends on the streets. Or don't.","• Number of street condition complaints to 311: Very High
• Number of street and sidewalk noise complaints to 311: Very Low"
04-12,Infrastructure voices its grievances loudly yet the pipes have made peace with the cold. Plan around it.,"• Number of street condition complaints to 311: Very High
• Number of heat and hot water complaints to 311: Very Low"
04-13,"Today, dogs are not playing around and somehow the grime has retreated to consider its options.","• Number of dog bite incidents reported to DOHMH: High
• Number of unsanitary condition complaints to 311: Very Low"
04-14,Be advised: the boats are busy crossing things at the same time the grime has retreated to consider its options. Take note.,"• Number of NYC Ferry boardings: High
• Number of unsanitary condition complaints to 311: Very Low"
04-15,"Be advised: the plankton multiply and do not explain themselves, the reservoir has taken a strong chemical stance. Proceed accordingly.","• Daily median total plankton (ASU/mL) across NYC DEP watershed reservoirs: Very High
• Daily median pH (SU) across NYC DEP watershed reservoirs: Very High"
04-16,"Visibility in the deep is very much not happening meanwhile the reservoirs run cold, as if to make a point.","• Daily median turbidity (NTU) across NYC DEP watershed reservoirs: Very High
• Daily median water temperature (°C) across NYC DEP watershed reservoirs: Very Low"
04-17,"The reservoirs breathe very deeply today elsewhere the reservoir achieves near-perfect balance, briefly. Take note.","• Daily median dissolved oxygen (mg/L) across NYC DEP watershed reservoirs: Very High
• Daily median pH (SU) across NYC DEP watershed reservoirs: Very Low"
04-18,The pavement cracks under the weight of its own feelings meanwhile the pH is suspiciously neutral.,"• Number of street condition complaints to 311: Very High
• Daily median pH (SU) across NYC DEP watershed reservoirs: Very Low"
04-19,"Be advised: the roads are questioning their choices yet dogs are, mysteriously, calm.","• Number of street condition complaints to 311: High
• Number of dog bite incidents reported to DOHMH: Very Low"
04-20,Mark it: the boats carry multitudes and ask no questions while justice takes the day off. Proceed accordingly.,"• Number of NYC Ferry boardings: Very High
• Number of NYPD arrests: Very Low"
04-21,The streets hold on though justice takes the day off. Plan around it.,"• Number of street condition complaints to 311: Medium
• Number of NYPD arrests: Very Low"
04-22,"The streets give up in several places at once yet the reservoir achieves near-perfect balance, briefly.","• Number of street condition complaints to 311: Very High
• Daily median pH (SU) across NYC DEP watershed reservoirs: Very Low"
04-23,"Be advised: the streets give up in several places at once and somehow the reservoirs run cold, as if to make a point. Plan around it.","• Number of street condition complaints to 311: Very High
• Daily median water temperature (°C) across NYC DEP watershed reservoirs: Very Low"
04-24,"The roads are questioning their choices at the same time the water chills, privately.","• Number of street condition complaints to 311: High
• Daily median water temperature (°C) across NYC DEP watershed reservoirs: Very Low"
04-25,"Dogs act with tremendous conviction, the harbor is overwhelmed with purpose. Plan around it.","• Number of dog bite incidents reported to DOHMH: Very High
• Number of NYC Ferry boardings: Very High"
04-26,The ferries run full though the block is not particularly bothered. Take note.,"• Number of NYC Ferry boardings: High
• Number of street and sidewalk noise complaints to 311: Low"
04-27,Know this: the boats are busy crossing things and yet the grime has retreated to consider its options. Or don't.,"• Number of NYC Ferry boardings: High
• Number of unsanitary condition complaints to 311: Very Low"
04-28,"On this day, the boats carry multitudes and ask no questions elsewhere the grime has retreated to consider its options. Or don't.","• Number of NYC Ferry boardings: Very High
• Number of unsanitary condition complaints to 311: Very Low"
04-29,"Know this: infrastructure voices its grievances loudly and yet no one is getting caught, which feels suspicious. Take note.","• Number of street condition complaints to 311: Very High
• Number of NYPD arrests: Very Low"
04-30,Infrastructure voices its grievances loudly and somehow teeth make no commitments today.,"• Number of street condition complaints to 311: Very High
• Number of dog bite incidents reported to DOHMH: Very Low"
05-01,"The water is unusually full of itself while the water reveals its depths and they are fine, apparently. Plan around it.","• Daily median dissolved oxygen (mg/L) across NYC DEP watershed reservoirs: Very High
• Daily median turbidity (NTU) across NYC DEP watershed reservoirs: Very Low"
05-02,"Today, the reservoir has taken a strong chemical stance, teeth find purpose today.","• Daily median pH (SU) across NYC DEP watershed reservoirs: Very High
• Number of dog bite incidents reported to DOHMH: Very High"
05-03,"Know this: the reservoirs breathe very deeply today, dogs make their feelings known physically. Or don't.","• Daily median dissolved oxygen (mg/L) across NYC DEP watershed reservoirs: Very High
• Number of dog bite incidents reported to DOHMH: Very High"
05-04,Dogs act with tremendous conviction meanwhile the cops are looking elsewhere. Or don't.,"• Number of dog bite incidents reported to DOHMH: Very High
• Number of NYPD arrests: Very Low"
05-05,Be advised: the heat does what it can at the same time the grime has retreated to consider its options. Proceed accordingly.,"• Number of heat and hot water complaints to 311: Medium
• Number of unsanitary condition complaints to 311: Very Low"
05-06,"Today, the water is unusually full of itself and yet the water reveals its depths and they are fine, apparently. Plan around it.","• Daily median dissolved oxygen (mg/L) across NYC DEP watershed reservoirs: Very High
• Daily median turbidity (NTU) across NYC DEP watershed reservoirs: Very Low"
05-07,Mark it: noise achieves a kind of transcendence and yet the reservoir runs thin on nutrients. Take note.,"• Number of street and sidewalk noise complaints to 311: Very High
• Daily median total phosphorus (µg/L) across NYC DEP watershed reservoirs: Very Low"
05-08,"The streets give up in several places at once, the handcuffs find their purpose. You have been warned.","• Number of street condition complaints to 311: Very High
• Number of NYPD arrests: Very High"
05-09,"Know this: someone is definitely getting caught while the water chills, privately. Or don't.","• Number of NYPD arrests: Very High
• Daily median water temperature (°C) across NYC DEP watershed reservoirs: Very Low"
05-10,"Today, the reservoir has taken a strong chemical stance elsewhere the ferries idle with dignity.","• Daily median pH (SU) across NYC DEP watershed reservoirs: Very High
• Number of NYC Ferry boardings: Very Low"
05-11,"The ferries are stuffed with something — ambition, probably yet the dogs observe without incident. Plan around it.","• Number of NYC Ferry boardings: Very High
• Number of dog bite incidents reported to DOHMH: Very Low"
05-12,Know this: the pipes are ambivalent though justice takes the day off. Take note.,"• Number of heat and hot water complaints to 311: Medium
• Number of NYPD arrests: Very Low"
05-13,"Today, the streets give up in several places at once at the same time dogs are, mysteriously, calm. Take note.","• Number of street condition complaints to 311: Very High
• Number of dog bite incidents reported to DOHMH: Very Low"
05-14,"Be advised: nitrogen accumulates in the depths with great enthusiasm, infrastructure voices its grievances loudly. Or don't.","• Daily median total nitrogen (mg/L) across NYC DEP watershed reservoirs: Very High
• Number of street condition complaints to 311: Very High"
05-15,Know this: the plankton multiply and do not explain themselves and somehow teeth make no commitments today.,"• Daily median total plankton (ASU/mL) across NYC DEP watershed reservoirs: Very High
• Number of dog bite incidents reported to DOHMH: Very Low"
05-16,"On this day, the reservoir has taken a strong chemical stance, someone is definitely getting caught. Or don't.","• Daily median pH (SU) across NYC DEP watershed reservoirs: Very High
• Number of NYPD arrests: Very High"
05-17,"Mark it: the water is unusually full of itself yet the water reveals its depths and they are fine, apparently. Plan around it.","• Daily median dissolved oxygen (mg/L) across NYC DEP watershed reservoirs: Very High
• Daily median turbidity (NTU) across NYC DEP watershed reservoirs: Very Low"
05-18,"Dogs make their feelings known physically and somehow something has been cleaned up, for now. Take note.","• Number of dog bite incidents reported to DOHMH: Very High
• Number of unsanitary condition complaints to 311: Very Low"
05-19,"The streets open their throats and do not close them while the streets are, briefly, clean.","• Number of street and sidewalk noise complaints to 311: Very High
• Number of unsanitary condition complaints to 311: Very Low"
05-20,"On this day, the streets are in a mood though the reservoirs cool.","• Number of street condition complaints to 311: High
• Daily median water temperature (°C) across NYC DEP watershed reservoirs: Low"
05-21,The water is unusually full of itself though the reservoir runs thin on nutrients.,"• Daily median dissolved oxygen (mg/L) across NYC DEP watershed reservoirs: Very High
• Daily median total phosphorus (µg/L) across NYC DEP watershed reservoirs: Very Low"
05-22,"The pavement cracks under the weight of its own feelings, someone is definitely getting caught.","• Number of street condition complaints to 311: Very High
• Number of NYPD arrests: Very High"
05-23,Infrastructure voices its grievances loudly at the same time heat arrives in name only.,"• Number of street condition complaints to 311: Very High
• Number of heat and hot water complaints to 311: Very Low"
05-24,The water's pH is making choices and somehow the boilers contemplate silence.,"• Daily median pH (SU) across NYC DEP watershed reservoirs: Very High
• Number of heat and hot water complaints to 311: Very Low"
05-25,"The harbor is overwhelmed with purpose yet something has been cleaned up, for now. You have been warned.","• Number of NYC Ferry boardings: Very High
• Number of unsanitary condition complaints to 311: Very Low"
05-26,"Today, the city sings off-key and at full volume yet the roads are, uncharacteristically, fine. You have been warned.","• Number of street and sidewalk noise complaints to 311: Very High
• Number of street condition complaints to 311: Very Low"
05-27,"The noise is purposeful if not pleasant elsewhere something has been cleaned up, for now. Proceed accordingly.","• Number of street and sidewalk noise complaints to 311: High
• Number of unsanitary condition complaints to 311: Very Low"
05-28,Infrastructure voices its grievances loudly while the reservoir runs thin on nutrients.,"• Number of street condition complaints to 311: Very High
• Daily median total phosphorus (µg/L) across NYC DEP watershed reservoirs: Very Low"
05-29,"Today, the bureaucracy is overwhelmed and soldiering on at the same time the reservoir runs lean and says little. Or don't.","• Number of 311 service requests handled by the Department of Homeless Services (DHS): Very High
• Daily median total nitrogen (mg/L) across NYC DEP watershed reservoirs: Very Low"
05-30,"On this day, dogs act with tremendous conviction elsewhere heat arrives in name only. Take note.","• Number of dog bite incidents reported to DOHMH: Very High
• Number of heat and hot water complaints to 311: Very Low"
05-31,"Know this: noise achieves a kind of transcendence, dogs act with tremendous conviction. Or don't.","• Number of street and sidewalk noise complaints to 311: Very High
• Number of dog bite incidents reported to DOHMH: Very High"
06-01,The city sings off-key and at full volume and yet heat arrives in name only. Or don't.,"• Number of street and sidewalk noise complaints to 311: Very High
• Number of heat and hot water complaints to 311: Very Low"
06-02,Every dog has a grievance and the nerve to file it and yet the boilers contemplate silence. Plan around it.,"• Number of dog bite incidents reported to DOHMH: Very High
• Number of heat and hot water complaints to 311: Very Low"
06-03,"The reservoir feeds heavily on itself, the reservoir teems with tiny intentions. You have been warned.","• Daily median total nitrogen (mg/L) across NYC DEP watershed reservoirs: Very High
• Daily median total plankton (ASU/mL) across NYC DEP watershed reservoirs: Very High"
06-04,The law has a very full calendar though teeth make no commitments today.,"• Number of NYPD arrests: Very High
• Number of dog bite incidents reported to DOHMH: Very Low"
06-05,"On this day, the gutters have given up all pretense, the waiting rooms fill. Proceed accordingly.","• Number of unsanitary condition complaints to 311: Very High
• Number of 311 service requests handled by the Department of Homeless Services (DHS): Very High"
06-06,The law has a very full calendar and somehow heat arrives in name only.,"• Number of NYPD arrests: Very High
• Number of heat and hot water complaints to 311: Very Low"
06-07,"Dogs make their feelings known physically though the reservoir runs clear, suspiciously so. Or don't.","• Number of dog bite incidents reported to DOHMH: Very High
• Daily median turbidity (NTU) across NYC DEP watershed reservoirs: Very Low"
06-08,"On this day, the block erupts without apology and somehow heat arrives in name only.","• Number of street and sidewalk noise complaints to 311: Very High
• Number of heat and hot water complaints to 311: Very Low"
06-09,Be advised: the harbor is overwhelmed with purpose though the grime has retreated to consider its options.,"• Number of NYC Ferry boardings: Very High
• Number of unsanitary condition complaints to 311: Very Low"
06-10,The reservoir blooms with a kind of productivity meanwhile the reservoirs barely breathe. Proceed accordingly.,"• Daily median total phosphorus (µg/L) across NYC DEP watershed reservoirs: Very High
• Daily median dissolved oxygen (mg/L) across NYC DEP watershed reservoirs: Very Low"
06-11,"The gutters have given up all pretense, the bureaucracy is overwhelmed and soldiering on. Take note.","• Number of unsanitary condition complaints to 311: Very High
• Number of 311 service requests handled by the Department of Homeless Services (DHS): Very High"
06-12,Know this: someone is definitely getting caught and somehow the boilers contemplate silence.,"• Number of NYPD arrests: Very High
• Number of heat and hot water complaints to 311: Very Low"
06-13,"The law has a very full calendar and somehow the water gasps, quietly, in the deep.","• Number of NYPD arrests: Very High
• Daily median dissolved oxygen (mg/L) across NYC DEP watershed reservoirs: Very Low"
06-14,"Be advised: the boats are busy crossing things while the reservoirs run cold, as if to make a point.","• Number of NYC Ferry boardings: High
• Daily median water temperature (°C) across NYC DEP watershed reservoirs: Very Low"
06-15,"Be advised: every dog has a grievance and the nerve to file it and yet something has been cleaned up, for now.","• Number of dog bite incidents reported to DOHMH: Very High
• Number of unsanitary condition complaints to 311: Very Low"
06-16,The streets open their throats and do not close them meanwhile heat arrives in name only.,"• Number of street and sidewalk noise complaints to 311: Very High
• Number of heat and hot water complaints to 311: Very Low"
06-17,"The block erupts without apology and somehow the reservoir runs clear, suspiciously so. Plan around it.","• Number of street and sidewalk noise complaints to 311: Very High
• Daily median turbidity (NTU) across NYC DEP watershed reservoirs: Very Low"
06-18,Know this: teeth find purpose today meanwhile the pH is suspiciously neutral. Proceed accordingly.,"• Number of dog bite incidents reported to DOHMH: Very High
• Daily median pH (SU) across NYC DEP watershed reservoirs: Very Low"
06-19,"The block erupts without apology, the harbor is overwhelmed with purpose. Take note.","• Number of street and sidewalk noise complaints to 311: Very High
• Number of NYC Ferry boardings: Very High"
06-20,Mark it: someone is definitely getting caught though the nitrogen is quiet today.,"• Number of NYPD arrests: Very High
• Daily median total nitrogen (mg/L) across NYC DEP watershed reservoirs: Very Low"
06-21,Mark it: the block erupts without apology meanwhile the pH is suspiciously neutral.,"• Number of street and sidewalk noise complaints to 311: Very High
• Daily median pH (SU) across NYC DEP watershed reservoirs: Very Low"
06-22,"The city sings off-key and at full volume, the boats carry multitudes and ask no questions.","• Number of street and sidewalk noise complaints to 311: Very High
• Number of NYC Ferry boardings: Very High"
06-23,"Today, the city sings off-key and at full volume, the boats carry multitudes and ask no questions. You have been warned.","• Number of street and sidewalk noise complaints to 311: Very High
• Number of NYC Ferry boardings: Very High"
06-24,"Know this: the gutters have given up all pretense, the shelter system strains against itself. Take note.","• Number of unsanitary condition complaints to 311: Very High
• Number of 311 service requests handled by the Department of Homeless Services (DHS): Very High"
06-25,"On this day, the waiting rooms fill at the same time the reservoir runs lean and says little.","• Number of 311 service requests handled by the Department of Homeless Services (DHS): Very High
• Daily median total nitrogen (mg/L) across NYC DEP watershed reservoirs: Very Low"
06-26,"Today, the shelter system strains against itself, something accumulates in corners without shame.","• Number of 311 service requests handled by the Department of Homeless Services (DHS): Very High
• Number of unsanitary condition complaints to 311: Very High"
06-27,"Today, the boats carry multitudes and ask no questions though the streets are in a mood. Proceed accordingly.","• Number of NYC Ferry boardings: Very High
• Number of street condition complaints to 311: High"
06-28,Know this: every dog has a grievance and the nerve to file it and yet heat arrives in name only.,"• Number of dog bite incidents reported to DOHMH: Very High
• Number of heat and hot water complaints to 311: Very Low"
06-29,Be advised: the block erupts without apology while the grime has retreated to consider its options. Proceed accordingly.,"• Number of street and sidewalk noise complaints to 311: Very High
• Number of unsanitary condition complaints to 311: Very Low"
06-30,"Today, the city sings off-key and at full volume at the same time the cops are looking elsewhere. You have been warned.","• Number of street and sidewalk noise complaints to 311: Very High
• Number of NYPD arrests: Very Low"
07-01,"Today, something accumulates in corners without shame yet the reservoir runs clear, suspiciously so. Or don't.","• Number of unsanitary condition complaints to 311: Very High
• Daily median turbidity (NTU) across NYC DEP watershed reservoirs: Very Low"
07-02,"The reservoirs run warm, warmer than they should while the pipes have made peace with the cold. Proceed accordingly.","• Daily median water temperature (°C) across NYC DEP watershed reservoirs: Very High
• Number of heat and hot water complaints to 311: Very Low"
07-03,"Today, visibility in the deep is very much not happening and yet heat arrives in name only. Proceed accordingly.","• Daily median turbidity (NTU) across NYC DEP watershed reservoirs: Very High
• Number of heat and hot water complaints to 311: Very Low"
07-04,"Teeth find purpose today and yet the streets are, briefly, clean. Take note.","• Number of dog bite incidents reported to DOHMH: Very High
• Number of unsanitary condition complaints to 311: Very Low"
07-05,"Today, the streets open their throats and do not close them and yet the boilers contemplate silence.","• Number of street and sidewalk noise complaints to 311: Very High
• Number of heat and hot water complaints to 311: Very Low"
07-06,"Mark it: the ferries are stuffed with something — ambition, probably though the grime has retreated to consider its options.","• Number of NYC Ferry boardings: Very High
• Number of unsanitary condition complaints to 311: Very Low"
07-07,"The boats carry multitudes and ask no questions, the streets open their throats and do not close them. Proceed accordingly.","• Number of NYC Ferry boardings: Very High
• Number of street and sidewalk noise complaints to 311: Very High"
07-08,"Mark it: the shelter system strains against itself meanwhile the reservoir achieves near-perfect balance, briefly.","• Number of 311 service requests handled by the Department of Homeless Services (DHS): Very High
• Daily median pH (SU) across NYC DEP watershed reservoirs: Very Low"
07-09,Be advised: the shelter system strains against itself yet the reservoirs barely breathe. Plan around it.,"• Number of 311 service requests handled by the Department of Homeless Services (DHS): Very High
• Daily median dissolved oxygen (mg/L) across NYC DEP watershed reservoirs: Very Low"
07-10,"Today, justice is making appointments elsewhere the water is as clean as it is going to get today. Plan around it.","• Number of NYPD arrests: Very High
• Daily median fecal coliform (CFU/100mL) across NYC DEP watershed reservoirs: Very Low"
07-11,"Today, the waiting rooms fill and somehow the pipes have made peace with the cold. Take note.","• Number of 311 service requests handled by the Department of Homeless Services (DHS): Very High
• Number of heat and hot water complaints to 311: Very Low"
07-12,"The reservoirs run warm, warmer than they should though the reservoirs barely breathe. You have been warned.","• Daily median water temperature (°C) across NYC DEP watershed reservoirs: Very High
• Daily median dissolved oxygen (mg/L) across NYC DEP watershed reservoirs: Very Low"
07-13,"The boats carry multitudes and ask no questions at the same time something has been cleaned up, for now. Or don't.","• Number of NYC Ferry boardings: Very High
• Number of unsanitary condition complaints to 311: Very Low"
07-14,Know this: the city forgets itself thoroughly and somehow the dogs observe without incident. Proceed accordingly.,"• Number of unsanitary condition complaints to 311: Very High
• Number of dog bite incidents reported to DOHMH: Very Low"
07-15,"Mark it: the reservoir has taken a strong chemical stance, the city forgets itself thoroughly. Take note.","• Daily median pH (SU) across NYC DEP watershed reservoirs: Very High
• Number of unsanitary condition complaints to 311: Very High"
07-16,"Be advised: something accumulates in corners without shame though dogs are, mysteriously, calm. Take note.","• Number of unsanitary condition complaints to 311: Very High
• Number of dog bite incidents reported to DOHMH: Very Low"
07-17,Mark it: phosphorus makes itself known in the deep at the same time the water is as clean as it is going to get today. Take note.,"• Daily median total phosphorus (µg/L) across NYC DEP watershed reservoirs: Very High
• Daily median fecal coliform (CFU/100mL) across NYC DEP watershed reservoirs: Very Low"
07-18,"Infrastructure voices its grievances loudly and yet the water reveals its depths and they are fine, apparently. Or don't.","• Number of street condition complaints to 311: Very High
• Daily median turbidity (NTU) across NYC DEP watershed reservoirs: Very Low"
07-19,"Mark it: the ferries are stuffed with something — ambition, probably while the law rests its hand.","• Number of NYC Ferry boardings: Very High
• Number of NYPD arrests: Very Low"
07-20,Mark it: the city sings off-key and at full volume meanwhile the pipes have made peace with the cold. Take note.,"• Number of street and sidewalk noise complaints to 311: Very High
• Number of heat and hot water complaints to 311: Very Low"
07-21,"Today, every dog has a grievance and the nerve to file it elsewhere the boilers contemplate silence.","• Number of dog bite incidents reported to DOHMH: Very High
• Number of heat and hot water complaints to 311: Very Low"
07-22,"On this day, the reservoirs run warm, warmer than they should meanwhile the tiny ones are nowhere to be found. Proceed accordingly.","• Daily median water temperature (°C) across NYC DEP watershed reservoirs: Very High
• Daily median total plankton (ASU/mL) across NYC DEP watershed reservoirs: Very Low"
07-23,The reservoir has taken a strong chemical stance yet the dogs observe without incident. Proceed accordingly.,"• Daily median pH (SU) across NYC DEP watershed reservoirs: Very High
• Number of dog bite incidents reported to DOHMH: Very Low"
07-24,Justice is making appointments while teeth make no commitments today. You have been warned.,"• Number of NYPD arrests: Very High
• Number of dog bite incidents reported to DOHMH: Very Low"
07-25,The waiting rooms fill while the boilers contemplate silence. Plan around it.,"• Number of 311 service requests handled by the Department of Homeless Services (DHS): Very High
• Number of heat and hot water complaints to 311: Very Low"
07-26,Mark it: noise achieves a kind of transcendence elsewhere the boilers contemplate silence.,"• Number of street and sidewalk noise complaints to 311: Very High
• Number of heat and hot water complaints to 311: Very Low"
07-27,"Be advised: every dog has a grievance and the nerve to file it elsewhere the streets are, briefly, clean. Take note.","• Number of dog bite incidents reported to DOHMH: Very High
• Number of unsanitary condition complaints to 311: Very Low"
07-28,Know this: the harbor is overwhelmed with purpose at the same time the boilers contemplate silence. You have been warned.,"• Number of NYC Ferry boardings: Very High
• Number of heat and hot water complaints to 311: Very Low"
07-29,Know this: the waiting rooms fill while the pipes have made peace with the cold. Proceed accordingly.,"• Number of 311 service requests handled by the Department of Homeless Services (DHS): Very High
• Number of heat and hot water complaints to 311: Very Low"
07-30,Mark it: the waiting rooms fill meanwhile heat arrives in name only. You have been warned.,"• Number of 311 service requests handled by the Department of Homeless Services (DHS): Very High
• Number of heat and hot water complaints to 311: Very Low"
07-31,"Know this: the law has a very full calendar, the shelter system strains against itself. Proceed accordingly.","• Number of NYPD arrests: Very High
• Number of 311 service requests handled by the Department of Homeless Services (DHS): Very High"
08-01,Know this: the waiting rooms fill and somehow the reservoirs barely breathe.,"• Number of 311 service requests handled by the Department of Homeless Services (DHS): Very High
• Daily median dissolved oxygen (mg/L) across NYC DEP watershed reservoirs: Very Low"
08-02,"Today, the reservoir has taken a strong chemical stance yet heat arrives in name only. You have been warned.","• Daily median pH (SU) across NYC DEP watershed reservoirs: Very High
• Number of heat and hot water complaints to 311: Very Low"
08-03,"Be advised: the harbor is overwhelmed with purpose and yet the roads are, uncharacteristically, fine.","• Number of NYC Ferry boardings: Very High
• Number of street condition complaints to 311: Very Low"
08-04,"The city sings off-key and at full volume and somehow the roads are, uncharacteristically, fine. Proceed accordingly.","• Number of street and sidewalk noise complaints to 311: Very High
• Number of street condition complaints to 311: Very Low"
08-05,"On this day, the harbor is overwhelmed with purpose yet the water reveals its depths and they are fine, apparently.","• Number of NYC Ferry boardings: Very High
• Daily median turbidity (NTU) across NYC DEP watershed reservoirs: Very Low"
08-06,The shelter system strains against itself meanwhile teeth make no commitments today.,"• Number of 311 service requests handled by the Department of Homeless Services (DHS): Very High
• Number of dog bite incidents reported to DOHMH: Very Low"
08-07,"On this day, something accumulates in corners without shame and yet the reservoir runs lean and says little.","• Number of unsanitary condition complaints to 311: Very High
• Daily median total nitrogen (mg/L) across NYC DEP watershed reservoirs: Very Low"
08-08,Mark it: the gutters have given up all pretense though heat arrives in name only. Or don't.,"• Number of unsanitary condition complaints to 311: Very High
• Number of heat and hot water complaints to 311: Very Low"
08-09,Mark it: something accumulates in corners without shame while heat arrives in name only. Take note.,"• Number of unsanitary condition complaints to 311: Very High
• Number of heat and hot water complaints to 311: Very Low"
08-10,Be advised: the harbor is overwhelmed with purpose yet heat arrives in name only. You have been warned.,"• Number of NYC Ferry boardings: Very High
• Number of heat and hot water complaints to 311: Very Low"
08-11,The block erupts without apology yet the boilers contemplate silence. Proceed accordingly.,"• Number of street and sidewalk noise complaints to 311: Very High
• Number of heat and hot water complaints to 311: Very Low"
08-12,"Something accumulates in corners without shame and somehow the reservoir achieves near-perfect balance, briefly. You have been warned.","• Number of unsanitary condition complaints to 311: Very High
• Daily median pH (SU) across NYC DEP watershed reservoirs: Very Low"
08-13,Mark it: the city forgets itself thoroughly at the same time the boilers contemplate silence.,"• Number of unsanitary condition complaints to 311: Very High
• Number of heat and hot water complaints to 311: Very Low"
08-14,Mark it: the law has a very full calendar yet the boilers contemplate silence. Proceed accordingly.,"• Number of NYPD arrests: Very High
• Number of heat and hot water complaints to 311: Very Low"
08-15,Someone is definitely getting caught though the reservoirs barely breathe. You have been warned.,"• Number of NYPD arrests: Very High
• Daily median dissolved oxygen (mg/L) across NYC DEP watershed reservoirs: Very Low"
08-16,"The streets open their throats and do not close them, the boats carry multitudes and ask no questions.","• Number of street and sidewalk noise complaints to 311: Very High
• Number of NYC Ferry boardings: Very High"
08-17,"The city sings off-key and at full volume while something has been cleaned up, for now.","• Number of street and sidewalk noise complaints to 311: Very High
• Number of unsanitary condition complaints to 311: Very Low"
08-18,"The block erupts without apology and yet the roads are, uncharacteristically, fine. Plan around it.","• Number of street and sidewalk noise complaints to 311: Very High
• Number of street condition complaints to 311: Very Low"
08-19,Know this: nitrogen accumulates in the depths with great enthusiasm at the same time the reservoirs barely breathe. Plan around it.,"• Daily median total nitrogen (mg/L) across NYC DEP watershed reservoirs: Very High
• Daily median dissolved oxygen (mg/L) across NYC DEP watershed reservoirs: Very Low"
08-20,Visibility in the deep is very much not happening meanwhile the boilers contemplate silence.,"• Daily median turbidity (NTU) across NYC DEP watershed reservoirs: Very High
• Number of heat and hot water complaints to 311: Very Low"
08-21,"Today, the ferries are stuffed with something — ambition, probably, someone is definitely getting caught.","• Number of NYC Ferry boardings: Very High
• Number of NYPD arrests: Very High"
08-22,The city forgets itself thoroughly and somehow the boilers contemplate silence.,"• Number of unsanitary condition complaints to 311: Very High
• Number of heat and hot water complaints to 311: Very Low"
08-23,Know this: the boats carry multitudes and ask no questions while the pipes have made peace with the cold. Plan around it.,"• Number of NYC Ferry boardings: Very High
• Number of heat and hot water complaints to 311: Very Low"
08-24,"Mark it: the ferries are stuffed with something — ambition, probably while the streets are in suspiciously good condition.","• Number of NYC Ferry boardings: Very High
• Number of street condition complaints to 311: Very Low"
08-25,Mark it: the streets open their throats and do not close them meanwhile the cops are looking elsewhere.,"• Number of street and sidewalk noise complaints to 311: Very High
• Number of NYPD arrests: Very Low"
08-26,"Today, the reservoirs run warm, warmer than they should yet no one is getting caught, which feels suspicious.","• Daily median water temperature (°C) across NYC DEP watershed reservoirs: Very High
• Number of NYPD arrests: Very Low"
08-27,"On this day, the reservoirs run warm, warmer than they should elsewhere the pipes have made peace with the cold. Plan around it.","• Daily median water temperature (°C) across NYC DEP watershed reservoirs: Very High
• Number of heat and hot water complaints to 311: Very Low"
08-28,Be advised: every dog has a grievance and the nerve to file it yet the reservoir runs thin on nutrients.,"• Number of dog bite incidents reported to DOHMH: Very High
• Daily median total phosphorus (µg/L) across NYC DEP watershed reservoirs: Very Low"
08-29,The gutters have given up all pretense and somehow heat arrives in name only.,"• Number of unsanitary condition complaints to 311: Very High
• Number of heat and hot water complaints to 311: Very Low"
08-30,Dogs make their feelings known physically meanwhile the boilers contemplate silence.,"• Number of dog bite incidents reported to DOHMH: Very High
• Number of heat and hot water complaints to 311: Very Low"
08-31,Know this: the boats carry multitudes and ask no questions though heat arrives in name only. Proceed accordingly.,"• Number of NYC Ferry boardings: Very High
• Number of heat and hot water complaints to 311: Very Low"
09-01,The harbor is overwhelmed with purpose and yet the pipes have made peace with the cold. Plan around it.,"• Number of NYC Ferry boardings: Very High
• Number of heat and hot water complaints to 311: Very Low"
09-02,"On this day, the city sings off-key and at full volume elsewhere justice takes the day off. Plan around it.","• Number of street and sidewalk noise complaints to 311: Very High
• Number of NYPD arrests: Very Low"
09-03,The city forgets itself thoroughly though the phosphorus has retreated. Proceed accordingly.,"• Number of unsanitary condition complaints to 311: Very High
• Daily median total phosphorus (µg/L) across NYC DEP watershed reservoirs: Very Low"
09-04,Be advised: phosphorus makes itself known in the deep yet the reservoirs barely breathe.,"• Daily median total phosphorus (µg/L) across NYC DEP watershed reservoirs: Very High
• Daily median dissolved oxygen (mg/L) across NYC DEP watershed reservoirs: Very Low"
09-05,"The water's pH is making choices at the same time the water gasps, quietly, in the deep. Or don't.","• Daily median pH (SU) across NYC DEP watershed reservoirs: Very High
• Daily median dissolved oxygen (mg/L) across NYC DEP watershed reservoirs: Very Low"
09-06,"The reservoir has taken a strong chemical stance, the shelter system strains against itself. Proceed accordingly.","• Daily median pH (SU) across NYC DEP watershed reservoirs: Very High
• Number of 311 service requests handled by the Department of Homeless Services (DHS): Very High"
09-07,"The streets open their throats and do not close them elsewhere the roads are, uncharacteristically, fine. Or don't.","• Number of street and sidewalk noise complaints to 311: Very High
• Number of street condition complaints to 311: Very Low"
09-08,"On this day, the streets open their throats and do not close them and yet the law rests its hand. Or don't.","• Number of street and sidewalk noise complaints to 311: Very High
• Number of NYPD arrests: Very Low"
09-09,"On this day, the water heats with unusual purpose while the water gasps, quietly, in the deep.","• Daily median water temperature (°C) across NYC DEP watershed reservoirs: Very High
• Daily median dissolved oxygen (mg/L) across NYC DEP watershed reservoirs: Very Low"
09-10,Be advised: the shelter system strains against itself at the same time the phosphorus has retreated.,"• Number of 311 service requests handled by the Department of Homeless Services (DHS): Very High
• Daily median total phosphorus (µg/L) across NYC DEP watershed reservoirs: Very Low"
09-11,"Visibility in the deep is very much not happening, the bureaucracy is overwhelmed and soldiering on.","• Daily median turbidity (NTU) across NYC DEP watershed reservoirs: Very High
• Number of 311 service requests handled by the Department of Homeless Services (DHS): Very High"
09-12,"On this day, the handcuffs find their purpose at the same time dogs are, mysteriously, calm. Proceed accordingly.","• Number of NYPD arrests: Very High
• Number of dog bite incidents reported to DOHMH: Very Low"
09-13,Mark it: the waiting rooms fill while the pipes have made peace with the cold. Take note.,"• Number of 311 service requests handled by the Department of Homeless Services (DHS): Very High
• Number of heat and hot water complaints to 311: Very Low"
09-14,"The streets open their throats and do not close them meanwhile the roads are, uncharacteristically, fine. You have been warned.","• Number of street and sidewalk noise complaints to 311: Very High
• Number of street condition complaints to 311: Very Low"
09-15,"Today, the streets open their throats and do not close them at the same time heat arrives in name only. Or don't.","• Number of street and sidewalk noise complaints to 311: Very High
• Number of heat and hot water complaints to 311: Very Low"
09-16,Nitrogen accumulates in the depths with great enthusiasm yet teeth make no commitments today. Plan around it.,"• Daily median total nitrogen (mg/L) across NYC DEP watershed reservoirs: Very High
• Number of dog bite incidents reported to DOHMH: Very Low"
09-17,"On this day, the city forgets itself thoroughly while the nitrogen is quiet today. Or don't.","• Number of unsanitary condition complaints to 311: Very High
• Daily median total nitrogen (mg/L) across NYC DEP watershed reservoirs: Very Low"
09-18,Be advised: justice is making appointments while heat arrives in name only.,"• Number of NYPD arrests: Very High
• Number of heat and hot water complaints to 311: Very Low"
09-19,"The boats are busy crossing things and somehow dogs are, mysteriously, calm.","• Number of NYC Ferry boardings: High
• Number of dog bite incidents reported to DOHMH: Very Low"
09-20,"Dogs act with tremendous conviction and yet the water chills, privately. Proceed accordingly.","• Number of dog bite incidents reported to DOHMH: Very High
• Daily median water temperature (°C) across NYC DEP watershed reservoirs: Very Low"
09-21,"The harbor is overwhelmed with purpose while something has been cleaned up, for now.","• Number of NYC Ferry boardings: Very High
• Number of unsanitary condition complaints to 311: Very Low"
09-22,"Today, the ferries are stuffed with something — ambition, probably and somehow the pipes have made peace with the cold. Proceed accordingly.","• Number of NYC Ferry boardings: Very High
• Number of heat and hot water complaints to 311: Very Low"
09-23,"Nitrogen accumulates in the depths with great enthusiasm yet the reservoir achieves near-perfect balance, briefly. Plan around it.","• Daily median total nitrogen (mg/L) across NYC DEP watershed reservoirs: Very High
• Daily median pH (SU) across NYC DEP watershed reservoirs: Very Low"
09-24,"On this day, the city forgets itself thoroughly while teeth make no commitments today. Take note.","• Number of unsanitary condition complaints to 311: Very High
• Number of dog bite incidents reported to DOHMH: Very Low"
09-25,"On this day, the city forgets itself thoroughly though the reservoir runs thin on nutrients. You have been warned.","• Number of unsanitary condition complaints to 311: Very High
• Daily median total phosphorus (µg/L) across NYC DEP watershed reservoirs: Very Low"
09-26,"The waiting rooms fill elsewhere the reservoir runs clear, suspiciously so. Plan around it.","• Number of 311 service requests handled by the Department of Homeless Services (DHS): Very High
• Daily median turbidity (NTU) across NYC DEP watershed reservoirs: Very Low"
09-27,The shelter system strains against itself though the pipes have made peace with the cold.,"• Number of 311 service requests handled by the Department of Homeless Services (DHS): Very High
• Number of heat and hot water complaints to 311: Very Low"
09-28,Mark it: noise achieves a kind of transcendence while the cops are looking elsewhere. Take note.,"• Number of street and sidewalk noise complaints to 311: Very High
• Number of NYPD arrests: Very Low"
09-29,Know this: the noise is purposeful if not pleasant and somehow the boats are mostly just floating. Plan around it.,"• Number of street and sidewalk noise complaints to 311: High
• Number of NYC Ferry boardings: Very Low"
09-30,"Know this: the gutters have given up all pretense, the waiting rooms fill. Proceed accordingly.","• Number of unsanitary condition complaints to 311: Very High
• Number of 311 service requests handled by the Department of Homeless Services (DHS): Very High"
10-01,"On this day, the city forgets itself thoroughly while teeth make no commitments today.","• Number of unsanitary condition complaints to 311: Very High
• Number of dog bite incidents reported to DOHMH: Very Low"
10-02,"Today, someone is definitely getting caught and somehow the reservoir runs thin on nutrients.","• Number of NYPD arrests: Very High
• Daily median total phosphorus (µg/L) across NYC DEP watershed reservoirs: Very Low"
10-03,"Someone is definitely getting caught, the shelter system strains against itself. Or don't.","• Number of NYPD arrests: Very High
• Number of 311 service requests handled by the Department of Homeless Services (DHS): Very High"
10-04,"Today, the water heats with unusual purpose and somehow the water gasps, quietly, in the deep. You have been warned.","• Daily median water temperature (°C) across NYC DEP watershed reservoirs: Very High
• Daily median dissolved oxygen (mg/L) across NYC DEP watershed reservoirs: Very Low"
10-05,"On this day, the ferries are stuffed with something — ambition, probably at the same time the roads are, uncharacteristically, fine.","• Number of NYC Ferry boardings: Very High
• Number of street condition complaints to 311: Very Low"
10-06,"Today, the streets open their throats and do not close them at the same time the cops are looking elsewhere. You have been warned.","• Number of street and sidewalk noise complaints to 311: Very High
• Number of NYPD arrests: Very Low"
10-07,Be advised: the bureaucracy is overwhelmed and soldiering on elsewhere the cops are looking elsewhere. Proceed accordingly.,"• Number of 311 service requests handled by the Department of Homeless Services (DHS): Very High
• Number of NYPD arrests: Very Low"
10-08,"Mark it: visibility in the deep is very much not happening, the bureaucracy is overwhelmed and soldiering on. Take note.","• Daily median turbidity (NTU) across NYC DEP watershed reservoirs: Very High
• Number of 311 service requests handled by the Department of Homeless Services (DHS): Very High"
10-09,Mark it: the reservoir has taken a strong chemical stance at the same time the tiny ones are nowhere to be found. Or don't.,"• Daily median pH (SU) across NYC DEP watershed reservoirs: Very High
• Daily median total plankton (ASU/mL) across NYC DEP watershed reservoirs: Very Low"
10-10,"On this day, justice is making appointments at the same time teeth make no commitments today.","• Number of NYPD arrests: Very High
• Number of dog bite incidents reported to DOHMH: Very Low"
10-11,"Be advised: the plankton are having a moment and somehow the water gasps, quietly, in the deep.","• Daily median total plankton (ASU/mL) across NYC DEP watershed reservoirs: Very High
• Daily median dissolved oxygen (mg/L) across NYC DEP watershed reservoirs: Very Low"
10-12,"Mark it: the harbor is overwhelmed with purpose and somehow something has been cleaned up, for now. You have been warned.","• Number of NYC Ferry boardings: Very High
• Number of unsanitary condition complaints to 311: Very Low"
10-13,"Know this: the ferries are stuffed with something — ambition, probably though the roads are, uncharacteristically, fine. Take note.","• Number of NYC Ferry boardings: Very High
• Number of street condition complaints to 311: Very Low"
10-14,The pipes speak up at the same time the streets are in suspiciously good condition.,"• Number of heat and hot water complaints to 311: High
• Number of street condition complaints to 311: Very Low"
10-15,The city forgets itself thoroughly while teeth make no commitments today. You have been warned.,"• Number of unsanitary condition complaints to 311: Very High
• Number of dog bite incidents reported to DOHMH: Very Low"
10-16,"Today, someone is definitely getting caught and yet the reservoirs barely breathe. Or don't.","• Number of NYPD arrests: Very High
• Daily median dissolved oxygen (mg/L) across NYC DEP watershed reservoirs: Very Low"
10-17,"Mark it: the city forgets itself thoroughly elsewhere dogs are, mysteriously, calm.","• Number of unsanitary condition complaints to 311: Very High
• Number of dog bite incidents reported to DOHMH: Very Low"
10-18,"Today, phosphorus makes itself known in the deep and yet the water gasps, quietly, in the deep. You have been warned.","• Daily median total phosphorus (µg/L) across NYC DEP watershed reservoirs: Very High
• Daily median dissolved oxygen (mg/L) across NYC DEP watershed reservoirs: Very Low"
10-19,Be advised: noise achieves a kind of transcendence meanwhile the streets are in suspiciously good condition. Take note.,"• Number of street and sidewalk noise complaints to 311: Very High
• Number of street condition complaints to 311: Very Low"
10-20,The block erupts without apology though the law rests its hand.,"• Number of street and sidewalk noise complaints to 311: Very High
• Number of NYPD arrests: Very Low"
10-21,"Today, the boats carry multitudes and ask no questions and somehow the pH is suspiciously neutral. Plan around it.","• Number of NYC Ferry boardings: Very High
• Daily median pH (SU) across NYC DEP watershed reservoirs: Very Low"
10-22,Mark it: the city forgets itself thoroughly and yet the reservoir runs lean and says little.,"• Number of unsanitary condition complaints to 311: Very High
• Daily median total nitrogen (mg/L) across NYC DEP watershed reservoirs: Very Low"
10-23,The law has a very full calendar at the same time the reservoirs barely breathe. You have been warned.,"• Number of NYPD arrests: Very High
• Daily median dissolved oxygen (mg/L) across NYC DEP watershed reservoirs: Very Low"
10-24,The streets remember what they would rather not at the same time the roads hold themselves together with dignity. Plan around it.,"• Number of unsanitary condition complaints to 311: High
• Number of street condition complaints to 311: Low"
10-25,"On this day, the forms pile up and somehow the reservoir achieves near-perfect balance, briefly. Plan around it.","• Number of 311 service requests handled by the Department of Homeless Services (DHS): High
• Daily median pH (SU) across NYC DEP watershed reservoirs: Very Low"
10-26,Teeth find purpose today at the same time the streets are in suspiciously good condition.,"• Number of dog bite incidents reported to DOHMH: Very High
• Number of street condition complaints to 311: Very Low"
10-27,Mark it: the noise is purposeful if not pleasant at the same time justice takes the day off. Plan around it.,"• Number of street and sidewalk noise complaints to 311: High
• Number of NYPD arrests: Very Low"
10-28,Know this: the pipes have opinions and they will not be silenced elsewhere the law rests its hand. Plan around it.,"• Number of heat and hot water complaints to 311: Very High
• Number of NYPD arrests: Very Low"
10-29,"The radiators groan their usual complaints and somehow the reservoir achieves near-perfect balance, briefly. Take note.","• Number of heat and hot water complaints to 311: High
• Daily median pH (SU) across NYC DEP watershed reservoirs: Very Low"
10-30,The bureaucracy is overwhelmed and soldiering on meanwhile teeth make no commitments today.,"• Number of 311 service requests handled by the Department of Homeless Services (DHS): Very High
• Number of dog bite incidents reported to DOHMH: Very Low"
10-31,"Today, the block erupts without apology and yet the boats are busy crossing things. Plan around it.","• Number of street and sidewalk noise complaints to 311: Very High
• Number of NYC Ferry boardings: High"
11-01,"Someone is definitely getting caught and yet the water gasps, quietly, in the deep.","• Number of NYPD arrests: Very High
• Daily median dissolved oxygen (mg/L) across NYC DEP watershed reservoirs: Very Low"
11-02,"The noise is purposeful if not pleasant at the same time the pavement has no complaints, for once.","• Number of street and sidewalk noise complaints to 311: High
• Number of street condition complaints to 311: Very Low"
11-03,Know this: the radiators are furious meanwhile the streets are in suspiciously good condition. Or don't.,"• Number of heat and hot water complaints to 311: Very High
• Number of street condition complaints to 311: Very Low"
11-04,Heat makes demands without asking yet the plankton keep their secrets in private. Plan around it.,"• Number of heat and hot water complaints to 311: Very High
• Daily median total plankton (ASU/mL) across NYC DEP watershed reservoirs: Very Low"
11-05,Be advised: the system strains while the roads hold themselves together with dignity.,"• Number of 311 service requests handled by the Department of Homeless Services (DHS): High
• Number of street condition complaints to 311: Low"
11-06,Mark it: justice is making appointments meanwhile the dogs observe without incident. You have been warned.,"• Number of NYPD arrests: Very High
• Number of dog bite incidents reported to DOHMH: Very Low"
11-07,"Mark it: justice is making appointments at the same time the reservoir runs clear, suspiciously so. Proceed accordingly.","• Number of NYPD arrests: Very High
• Daily median turbidity (NTU) across NYC DEP watershed reservoirs: Very Low"
11-08,Be advised: the reservoir blooms with a kind of productivity yet the streets are in suspiciously good condition.,"• Daily median total phosphorus (µg/L) across NYC DEP watershed reservoirs: Very High
• Number of street condition complaints to 311: Very Low"
11-09,"Be advised: the walls boil with something to say while the pavement has no complaints, for once. Take note.","• Number of heat and hot water complaints to 311: Very High
• Number of street condition complaints to 311: Very Low"
11-10,Know this: heat makes demands without asking yet teeth make no commitments today. Take note.,"• Number of heat and hot water complaints to 311: Very High
• Number of dog bite incidents reported to DOHMH: Very Low"
11-11,"Today, the heat does what it can meanwhile the pavement has no complaints, for once.","• Number of heat and hot water complaints to 311: Medium
• Number of street condition complaints to 311: Very Low"
11-12,Heat makes demands without asking meanwhile the nitrogen is quiet today.,"• Number of heat and hot water complaints to 311: Very High
• Daily median total nitrogen (mg/L) across NYC DEP watershed reservoirs: Very Low"
11-13,"On this day, visibility in the deep is very much not happening meanwhile the reservoir achieves, briefly, innocence. You have been warned.","• Daily median turbidity (NTU) across NYC DEP watershed reservoirs: Very High
• Daily median fecal coliform (CFU/100mL) across NYC DEP watershed reservoirs: Very Low"
11-14,The handcuffs find their purpose while the tiny ones are nowhere to be found. You have been warned.,"• Number of NYPD arrests: Very High
• Daily median total plankton (ASU/mL) across NYC DEP watershed reservoirs: Very Low"
11-15,"The walls boil with something to say elsewhere the water reveals its depths and they are fine, apparently.","• Number of heat and hot water complaints to 311: Very High
• Daily median turbidity (NTU) across NYC DEP watershed reservoirs: Very Low"
11-16,"Mark it: dogs make their feelings known physically and yet the roads are, uncharacteristically, fine. You have been warned.","• Number of dog bite incidents reported to DOHMH: Very High
• Number of street condition complaints to 311: Very Low"
11-17,Mark it: teeth find purpose today and somehow the law rests its hand.,"• Number of dog bite incidents reported to DOHMH: Very High
• Number of NYPD arrests: Very Low"
11-18,The gutters have given up all pretense elsewhere the pH is suspiciously neutral.,"• Number of unsanitary condition complaints to 311: Very High
• Daily median pH (SU) across NYC DEP watershed reservoirs: Very Low"
11-19,The law has a very full calendar and yet the tiny ones are nowhere to be found.,"• Number of NYPD arrests: Very High
• Daily median total plankton (ASU/mL) across NYC DEP watershed reservoirs: Very Low"
11-20,"The shelter system strains against itself and yet dogs are, mysteriously, calm. Take note.","• Number of 311 service requests handled by the Department of Homeless Services (DHS): Very High
• Number of dog bite incidents reported to DOHMH: Very Low"
11-21,"The pipes have opinions and they will not be silenced though the water reveals its depths and they are fine, apparently.","• Number of heat and hot water complaints to 311: Very High
• Daily median turbidity (NTU) across NYC DEP watershed reservoirs: Very Low"
11-22,The pipes have opinions and they will not be silenced meanwhile the ferries idle with dignity.,"• Number of heat and hot water complaints to 311: Very High
• Number of NYC Ferry boardings: Very Low"
11-23,Be advised: heat makes demands without asking though the boats are mostly just floating. You have been warned.,"• Number of heat and hot water complaints to 311: Very High
• Number of NYC Ferry boardings: Very Low"
11-24,"Be advised: heat makes demands without asking and somehow the streets are, briefly, clean. Take note.","• Number of heat and hot water complaints to 311: Very High
• Number of unsanitary condition complaints to 311: Very Low"
11-25,"Today, the water's pH is making choices yet teeth make no commitments today. Proceed accordingly.","• Daily median pH (SU) across NYC DEP watershed reservoirs: Very High
• Number of dog bite incidents reported to DOHMH: Very Low"
11-26,"Today, visibility in the deep is very much not happening elsewhere teeth make no commitments today. You have been warned.","• Daily median turbidity (NTU) across NYC DEP watershed reservoirs: Very High
• Number of dog bite incidents reported to DOHMH: Very Low"
11-27,The radiators are furious while teeth make no commitments today.,"• Number of heat and hot water complaints to 311: Very High
• Number of dog bite incidents reported to DOHMH: Very Low"
11-28,"Today, the pipes speak up yet the streets are, briefly, clean. Plan around it.","• Number of heat and hot water complaints to 311: High
• Number of unsanitary condition complaints to 311: Very Low"
11-29,The pipes have opinions and they will not be silenced and somehow the streets are in suspiciously good condition.,"• Number of heat and hot water complaints to 311: Very High
• Number of street condition complaints to 311: Very Low"
11-30,Know this: heat makes demands without asking while the bureaucracy rests. You have been warned.,"• Number of heat and hot water complaints to 311: Very High
• Number of 311 service requests handled by the Department of Homeless Services (DHS): Very Low"
12-01,"Today, the radiators are furious and somehow the law rests its hand.","• Number of heat and hot water complaints to 311: Very High
• Number of NYPD arrests: Very Low"
12-02,The pipes have opinions and they will not be silenced and somehow an unusual quiet descends on the streets. Proceed accordingly.,"• Number of heat and hot water complaints to 311: Very High
• Number of street and sidewalk noise complaints to 311: Very Low"
12-03,The law has a very full calendar though the city bites its tongue.,"• Number of NYPD arrests: Very High
• Number of street and sidewalk noise complaints to 311: Very Low"
12-04,Mark it: heat makes demands without asking elsewhere the reservoir's smallest inhabitants are not here.,"• Number of heat and hot water complaints to 311: Very High
• Daily median total plankton (ASU/mL) across NYC DEP watershed reservoirs: Very Low"
12-05,The walls boil with something to say while teeth make no commitments today. Proceed accordingly.,"• Number of heat and hot water complaints to 311: Very High
• Number of dog bite incidents reported to DOHMH: Very Low"
12-06,"The radiators are furious elsewhere the roads are, uncharacteristically, fine.","• Number of heat and hot water complaints to 311: Very High
• Number of street condition complaints to 311: Very Low"
12-07,Be advised: heat makes demands without asking meanwhile the ferries idle with dignity. Proceed accordingly.,"• Number of heat and hot water complaints to 311: Very High
• Number of NYC Ferry boardings: Very Low"
12-08,The walls boil with something to say meanwhile the bureaucracy rests. Or don't.,"• Number of heat and hot water complaints to 311: Very High
• Number of 311 service requests handled by the Department of Homeless Services (DHS): Very Low"
12-09,"On this day, heat makes demands without asking and yet the dogs observe without incident. Plan around it.","• Number of heat and hot water complaints to 311: Very High
• Number of dog bite incidents reported to DOHMH: Very Low"
12-10,Know this: the reservoirs breathe very deeply today meanwhile an unusual quiet descends on the streets. Take note.,"• Daily median dissolved oxygen (mg/L) across NYC DEP watershed reservoirs: Very High
• Number of street and sidewalk noise complaints to 311: Very Low"
12-11,"Be advised: infrastructure voices its grievances loudly yet dogs are, mysteriously, calm.","• Number of street condition complaints to 311: Very High
• Number of dog bite incidents reported to DOHMH: Very Low"
12-12,Be advised: the radiators are furious and somehow the waiting rooms wait alone. Plan around it.,"• Number of heat and hot water complaints to 311: Very High
• Number of 311 service requests handled by the Department of Homeless Services (DHS): Very Low"
12-13,"The walls boil with something to say yet the shelter system breathes easy, briefly.","• Number of heat and hot water complaints to 311: Very High
• Number of 311 service requests handled by the Department of Homeless Services (DHS): Very Low"
12-14,"Heat makes demands without asking and somehow the streets are, briefly, clean. Take note.","• Number of heat and hot water complaints to 311: Very High
• Number of unsanitary condition complaints to 311: Very Low"
12-15,"Today, heat makes demands without asking and yet the boats are mostly just floating. Take note.","• Number of heat and hot water complaints to 311: Very High
• Number of NYC Ferry boardings: Very Low"
12-16,Mark it: heat makes demands without asking elsewhere an unusual quiet descends on the streets. You have been warned.,"• Number of heat and hot water complaints to 311: Very High
• Number of street and sidewalk noise complaints to 311: Very Low"
12-17,The deep water carries messages best left unread and somehow the reservoir's smallest inhabitants are not here.,"• Daily median fecal coliform (CFU/100mL) across NYC DEP watershed reservoirs: Very High
• Daily median total plankton (ASU/mL) across NYC DEP watershed reservoirs: Very Low"
12-18,"Something lurks in the reservoir, and it is not subtle about it while the water chills, privately.","• Daily median fecal coliform (CFU/100mL) across NYC DEP watershed reservoirs: Very High
• Daily median water temperature (°C) across NYC DEP watershed reservoirs: Very Low"
12-19,"On this day, the walls boil with something to say and somehow the water chills, privately.","• Number of heat and hot water complaints to 311: Very High
• Daily median water temperature (°C) across NYC DEP watershed reservoirs: Very Low"
12-20,"On this day, the radiators are furious elsewhere the bureaucracy rests. Proceed accordingly.","• Number of heat and hot water complaints to 311: Very High
• Number of 311 service requests handled by the Department of Homeless Services (DHS): Very Low"
12-21,The radiators are furious and yet the city bites its tongue.,"• Number of heat and hot water complaints to 311: Very High
• Number of street and sidewalk noise complaints to 311: Very Low"
12-22,Mark it: the walls boil with something to say and yet the waiting rooms wait alone. Proceed accordingly.,"• Number of heat and hot water complaints to 311: Very High
• Number of 311 service requests handled by the Department of Homeless Services (DHS): Very Low"
12-23,"The walls boil with something to say while no one is getting caught, which feels suspicious. Or don't.","• Number of heat and hot water complaints to 311: Very High
• Number of NYPD arrests: Very Low"
12-24,Be advised: heat makes demands without asking and yet the harbor sees little traffic. Or don't.,"• Number of heat and hot water complaints to 311: Very High
• Number of NYC Ferry boardings: Very Low"
12-25,"Heat makes demands without asking though dogs are, mysteriously, calm. Plan around it.","• Number of heat and hot water complaints to 311: Very High
• Number of dog bite incidents reported to DOHMH: Very Low"
12-26,Know this: the radiators are furious and somehow the waiting rooms wait alone. Or don't.,"• Number of heat and hot water complaints to 311: Very High
• Number of 311 service requests handled by the Department of Homeless Services (DHS): Very Low"
12-27,"Mark it: the walls boil with something to say yet dogs are, mysteriously, calm.","• Number of heat and hot water complaints to 311: Very High
• Number of dog bite incidents reported to DOHMH: Very Low"
12-28,The pipes speak up yet teeth make no commitments today.,"• Number of heat and hot water complaints to 311: High
• Number of dog bite incidents reported to DOHMH: Very Low"
12-29,"Today, the pipes speak up and yet the shelter system breathes easy, briefly. Or don't.","• Number of heat and hot water complaints to 311: High
• Number of 311 service requests handled by the Department of Homeless Services (DHS): Very Low"
12-30,"Warmth is not given freely at the same time dogs are, mysteriously, calm. Or don't.","• Number of heat and hot water complaints to 311: High
• Number of dog bite incidents reported to DOHMH: Very Low"
12-31,"Mark it: the radiators groan their usual complaints meanwhile no one is getting caught, which feels suspicious.","• Number of heat and hot water complaints to 311: High
• Number of NYPD arrests: Very Low"
